BEATS_delta_sharpe,BEATS_p005,BEATS_p010,coin,delta_sharpe_ann,fee_bps,horizon,n_periods,p_value_one_sided,sharpe_active_ann,sharpe_baseline_ann,t_stat,threshold,turnover_ratio_vs_raw,turnover_total
True,False,False,BTC-USD,0.2961,10.0,1,1890,0.15285675007776467,0.743,0.4469,1.0242578516527685,0.0,1.0,81.2168
True,False,False,BTC-USD,0.1787,50.0,1,1890,0.26966132276985366,0.6255,0.4469,0.6138376038032746,0.0,1.0,81.2168
True,False,False,BTC-USD,0.0313,100.0,1,1890,0.4577585380542737,0.4781,0.4469,0.1060822727011482,0.0,1.0,81.2168
True,False,False,BTC-USD,0.2961,10.0,1,1890,0.15285545623794738,0.743,0.4469,1.0242633316676288,0.025,0.9998,81.1985
True,False,False,BTC-USD,0.1787,50.0,1,1890,0.26962247631795644,0.6256,0.4469,0.6139551686025121,0.025,0.9998,81.1985
True,False,False,BTC-USD,0.0314,100.0,1,1890,0.4576551410214814,0.4782,0.4469,0.10634291666656759,0.025,0.9998,81.1985
True,False,False,BTC-USD,0.2957,10.0,1,1890,0.15321376027474298,0.7426,0.4469,1.0227469204351518,0.05,0.9962,80.9072
True,False,False,BTC-USD,0.1787,50.0,1,1890,0.2696306684140123,0.6256,0.4469,0.6139303753586622,0.05,0.9962,80.9072
True,False,False,BTC-USD,0.0319,100.0,1,1890,0.4569595089248528,0.4787,0.4469,0.10809665964058768,0.05,0.9962,80.9072
True,False,False,BTC-USD,0.2955,10.0,1,1890,0.1534265497419669,0.7423,0.4469,1.0218474667452389,0.1,0.9923,80.59
True,False,False,BTC-USD,0.1789,50.0,1,1890,0.26941050203475037,0.6258,0.4469,0.6145968365853647,0.1,0.9923,80.59
True,False,False,BTC-USD,0.0327,100.0,1,1890,0.45591116672901344,0.4795,0.4469,0.11074024232598996,0.1,0.9923,80.59
True,False,False,BTC-USD,0.2912,10.0,1,1890,0.1565771795750387,0.738,0.4469,1.0086253206668379,0.2,0.9779,79.4252
True,False,False,BTC-USD,0.1758,50.0,1,1890,0.27265742675118965,0.6226,0.4469,0.6047955459147795,0.2,0.9779,79.4252
True,False,False,BTC-USD,0.031,100.0,1,1890,0.45810619671673014,0.4778,0.4469,0.1052059450542664,0.2,0.9779,79.4252
True,False,False,BTC-USD,0.3582,10.0,5,1870,0.10798846379939087,0.814,0.4558,1.237296767243077,0.0,1.0,74.3383
True,False,False,BTC-USD,0.2498,50.0,5,1870,0.19557530189146655,0.7056,0.4558,0.8575326042532645,0.0,1.0,74.3383
True,False,False,BTC-USD,0.1135,100.0,5,1870,0.3500581399294911,0.5693,0.4558,0.3851635054792227,0.0,1.0,74.3383
True,False,False,BTC-USD,0.3582,10.0,5,1870,0.10798846379939087,0.814,0.4558,1.237296767243077,0.025,1.0,74.3383
True,False,False,BTC-USD,0.2498,50.0,5,1870,0.19557530189146655,0.7056,0.4558,0.8575326042532645,0.025,1.0,74.3383
True,False,False,BTC-USD,0.1135,100.0,5,1870,0.3500581399294911,0.5693,0.4558,0.3851635054792227,0.025,1.0,74.3383
True,False,False,BTC-USD,0.3576,10.0,5,1870,0.10840322407416514,0.8134,0.4558,1.2350646396404052,0.05,0.9988,74.2463
True,False,False,BTC-USD,0.2493,50.0,5,1870,0.1960479701202339,0.7051,0.4558,0.8558225497463433,0.05,0.9988,74.2463
True,False,False,BTC-USD,0.1132,100.0,5,1870,0.3504540716398774,0.569,0.4558,0.38409485689357864,0.05,0.9988,74.2463
True,False,False,BTC-USD,0.3576,10.0,5,1870,0.10839034677273185,0.8134,0.4558,1.2351338492546806,0.1,0.9988,74.2463
True,False,False,BTC-USD,0.2493,50.0,5,1870,0.1960305266136806,0.7051,0.4558,0.8558856136843005,0.1,0.9988,74.2463
True,False,False,BTC-USD,0.1132,100.0,5,1870,0.35043770931761875,0.569,0.4558,0.3841390112992712,0.1,0.9988,74.2463
True,False,False,BTC-USD,0.3658,10.0,5,1870,0.10319223201165961,0.8216,0.4558,1.2635698412951284,0.2,0.9793,72.8029
True,False,False,BTC-USD,0.2588,50.0,5,1870,0.18708753365080366,0.7146,0.4558,0.8886800286617258,0.2,0.9793,72.8029
True,False,False,BTC-USD,0.1244,100.0,5,1870,0.33646951402296144,0.5802,0.4558,0.4221178110748593,0.2,0.9793,72.8029
True,False,False,BTC-USD,0.3027,10.0,10,1845,0.15186810102696113,0.8033,0.5007,1.02845424739944,0.0,1.0,72.2624
True,False,False,BTC-USD,0.1954,50.0,10,1845,0.25456057816409994,0.6961,0.5007,0.6602067576123352,0.0,1.0,72.2624
True,False,False,BTC-USD,0.0607,100.0,10,1845,0.41968650390095497,0.5614,0.5007,0.20269554202296816,0.0,1.0,72.2624
True,False,False,BTC-USD,0.3026,10.0,10,1845,0.1519276932311151,0.8033,0.5007,1.02820079094292,0.025,0.9998,72.2511
True,False,False,BTC-USD,0.1954,50.0,10,1845,0.2546349509905774,0.6961,0.5007,0.6599749543179159,0.025,0.9998,72.2511
True,False,False,BTC-USD,0.0606,100.0,10,1845,0.4197665010370726,0.5613,0.5007,0.20249086128834495,0.025,0.9998,72.2511
True,False,False,BTC-USD,0.3019,10.0,10,1845,0.152504384116675,0.8026,0.5007,1.0257514240031511,0.05,0.9998,72.2511
True,False,False,BTC-USD,0.1947,50.0,10,1845,0.25540282868330744,0.6954,0.5007,0.6575837217223014,0.05,0.9998,72.2511
True,False,False,BTC-USD,0.06,100.0,10,1845,0.42066815336251584,0.5606,0.5007,0.20018447737466497,0.05,0.9998,72.2511
True,False,False,BTC-USD,0.3019,10.0,10,1845,0.15250309221213,0.8026,0.5007,1.025756904204577,0.1,0.9983,72.1416
True,False,False,BTC-USD,0.1949,50.0,10,1845,0.2552220771376995,0.6955,0.5007,0.6581462577184123,0.1,0.9983,72.1416
True,False,False,BTC-USD,0.0603,100.0,10,1845,0.4201865341288993,0.561,0.5007,0.20141630327859972,0.1,0.9983,72.1416
True,False,False,BTC-USD,0.3051,10.0,10,1845,0.14996866688233956,0.8058,0.5007,1.0365677841782024,0.2,0.9911,71.6213
True,False,False,BTC-USD,0.1988,50.0,10,1845,0.2509372248927132,0.6995,0.5007,0.6715433552842441,0.2,0.9911,71.6213
True,False,False,BTC-USD,0.0652,100.0,10,1845,0.41376565876011817,0.5659,0.5007,0.21786882525486992,0.2,0.9911,71.6213
True,False,False,BTC-USD,0.2901,10.0,15,1820,0.16227639786486003,0.7753,0.4852,0.9851451146679343,0.0,1.0,81.4912
True,False,False,BTC-USD,0.1685,50.0,15,1820,0.2847484377517018,0.6537,0.4852,0.5687926318884884,0.0,1.0,81.4912
True,False,False,BTC-USD,0.0157,100.0,15,1820,0.47906037021981085,0.5009,0.4852,0.052511991805743494,0.0,1.0,81.4912
True,False,False,BTC-USD,0.2901,10.0,15,1820,0.16227639786486003,0.7753,0.4852,0.9851451146679343,0.025,1.0,81.4912
True,False,False,BTC-USD,0.1685,50.0,15,1820,0.2847484377517018,0.6537,0.4852,0.5687926318884884,0.025,1.0,81.4912
True,False,False,BTC-USD,0.0157,100.0,15,1820,0.47906037021981085,0.5009,0.4852,0.052511991805743494,0.025,1.0,81.4912
True,False,False,BTC-USD,0.2894,10.0,15,1820,0.16292524876893844,0.7746,0.4852,0.9825062659864351,0.05,1.0,81.4912
True,False,False,BTC-USD,0.1677,50.0,15,1820,0.2856221095427376,0.6529,0.4852,0.5662200244876884,0.05,1.0,81.4912
True,False,False,BTC-USD,0.015,100.0,15,1820,0.48004583314530413,0.5002,0.4852,0.05003855255555181,0.05,1.0,81.4912
True,False,False,BTC-USD,0.2897,10.0,15,1820,0.1626304598587085,0.7749,0.4852,0.9837043106752659,0.1,0.9967,81.2248
True,False,False,BTC-USD,0.1685,50.0,15,1820,0.28475881473875453,0.6537,0.4852,0.5687620538230237,0.1,0.9967,81.2248
True,False,False,BTC-USD,0.0162,100.0,15,1820,0.47840378286016383,0.5014,0.4852,0.054160155060790624,0.1,0.9967,81.2248
True,False,False,BTC-USD,0.2975,10.0,15,1820,0.15610609022149724,0.7827,0.4852,1.0105910933740716,0.2,0.9894,80.6258
True,False,False,BTC-USD,0.1773,50.0,15,1820,0.2746084640412054,0.6625,0.4852,0.5989339540873609,0.2,0.9894,80.6258
True,False,False,BTC-USD,0.0264,100.0,15,1820,0.46493555690221955,0.5116,0.4852,0.08800699840589245,0.2,0.9894,80.6258
True,False,False,BTC-USD,0.2987,10.0,20,1795,0.16083927692321476,0.7607,0.462,0.9910143897553398,0.0,1.0,74.6117
True,False,False,BTC-USD,0.1857,50.0,20,1795,0.2699446597077766,0.6477,0.462,0.6129803700596668,0.0,1.0,74.6117
True,False,False,BTC-USD,0.0438,100.0,20,1795,0.4431519582639265,0.5058,0.462,0.1429826084178358,0.0,1.0,74.6117
True,False,False,BTC-USD,0.2988,10.0,20,1795,0.16075902661377428,0.7608,0.462,0.9913431427933674,0.025,0.9995,74.5773
True,False,False,BTC-USD,0.1859,50.0,20,1795,0.2697782701752618,0.6478,0.462,0.613483725687017,0.025,0.9995,74.5773
True,False,False,BTC-USD,0.044,100.0,20,1795,0.4428716372466416,0.506,0.462,0.14369252453591708,0.025,0.9995,74.5773
True,False,False,BTC-USD,0.2981,10.0,20,1795,0.1612876704859757,0.7601,0.462,0.9891794703540938,0.05,0.9984,74.496
True,False,False,BTC-USD,0.1854,50.0,20,1795,0.2703384445818,0.6473,0.462,0.6117897243545249,0.05,0.9984,74.496
True,False,False,BTC-USD,0.0437,100.0,20,1795,0.4433154196142459,0.5057,0.462,0.14256867399804773,0.05,0.9984,74.496
True,False,False,BTC-USD,0.2981,10.0,20,1795,0.16128607409242246,0.7601,0.462,0.9891859972197034,0.1,0.9967,74.3662
True,False,False,BTC-USD,0.1856,50.0,20,1795,0.27011872913915214,0.6475,0.462,0.6124539476507102,0.1,0.9967,74.3662
True,False,False,BTC-USD,0.0441,100.0,20,1795,0.44274103951906063,0.5061,0.462,0.1440232894531538,0.1,0.9967,74.3662
True,False,False,BTC-USD,0.3022,10.0,20,1795,0.15805833522654877,0.7642,0.462,1.0024699549833465,0.2,0.9923,74.0397
True,False,False,BTC-USD,0.1901,50.0,20,1795,0.2652166791102042,0.6521,0.462,0.6273446240931493,0.2,0.9923,74.0397
True,False,False,BTC-USD,0.0492,100.0,20,1795,0.4361389649449321,0.5112,0.462,0.16076571437658263,0.2,0.9923,74.0397
False,False,False,ETH-USD,-0.0758,10.0,1,1240,0.597679473797772,0.6362,0.712,-0.24734523657859772,0.0,1.0,57.4096
False,False,False,ETH-USD,-0.1608,50.0,1,1240,0.7000562568193801,0.5513,0.712,-0.524562320017454,0.0,1.0,57.4096
False,False,False,ETH-USD,-0.2672,100.0,1,1240,0.8076150259092398,0.4449,0.712,-0.8691411195015866,0.0,1.0,57.4096
False,False,False,ETH-USD,-0.076,10.0,1,1240,0.5979370136260145,0.636,0.712,-0.2480109006488719,0.025,0.9994,57.3744
False,False,False,ETH-USD,-0.1609,50.0,1,1240,0.7002764192312877,0.5511,0.712,-0.5251956889219576,0.025,0.9994,57.3744
False,False,False,ETH-USD,-0.2673,100.0,1,1240,0.8077745389038835,0.4447,0.712,-0.8697246056297521,0.025,0.9994,57.3744
False,False,False,ETH-USD,-0.0744,10.0,1,1240,0.5958661348895695,0.6377,0.712,-0.2426613766121933,0.05,0.9931,57.0153
False,False,False,ETH-USD,-0.1588,50.0,1,1240,0.6978099142645149,0.5533,0.712,-0.5181119379834659,0.05,0.9931,57.0153
False,False,False,ETH-USD,-0.2645,100.0,1,1240,0.8052503437762437,0.4476,0.712,-0.8605257191305951,0.05,0.9931,57.0153
False,False,False,ETH-USD,-0.0736,10.0,1,1240,0.5949039401327885,0.6384,0.712,-0.24017819130955909,0.1,0.9857,56.5896
False,False,False,ETH-USD,-0.1574,50.0,1,1240,0.6962640053172583,0.5546,0.712,-0.5136853596826344,0.1,0.9857,56.5896
False,False,False,ETH-USD,-0.2623,100.0,1,1240,0.8033893127316211,0.4497,0.712,-0.8537899670045292,0.1,0.9857,56.5896
False,False,False,ETH-USD,-0.0277,10.0,1,1240,0.5359112047765117,0.6843,0.712,-0.09013795221859423,0.2,0.9371,53.799
False,False,False,ETH-USD,-0.108,50.0,1,1240,0.637101590055295,0.6041,0.712,-0.35072213221816506,0.2,0.9371,53.799
False,False,False,ETH-USD,-0.2085,100.0,1,1240,0.7502024608405149,0.5036,0.712,-0.6751270041214126,0.2,0.9371,53.799
False,False,False,ETH-USD,-0.1661,10.0,5,1220,0.705101718386309,0.5273,0.6934,-0.5391308600632813,0.0,1.0,56.9162
False,False,False,ETH-USD,-0.2506,50.0,5,1220,0.7914867291963875,0.4428,0.6934,-0.8115906788160206,0.0,1.0,56.9162
False,False,False,ETH-USD,-0.3564,100.0,5,1220,0.8744033150410113,0.337,0.6934,-1.1474556082628344,0.0,1.0,56.9162
False,False,False,ETH-USD,-0.1655,10.0,5,1220,0.7043383286885346,0.528,0.6934,-0.5369193235170038,0.025,0.9987,56.8427
False,False,False,ETH-USD,-0.2498,50.0,5,1220,0.7907584703945439,0.4436,0.6934,-0.8090557851283674,0.025,0.9987,56.8427
False,False,False,ETH-USD,-0.3555,100.0,5,1220,0.873800900624154,0.3379,0.6934,-1.144543764742241,0.025,0.9987,56.8427
False,False,False,ETH-USD,-0.1661,10.0,5,1220,0.7050549335672849,0.5273,0.6934,-0.5389952488870665,0.05,0.995,56.6314
False,False,False,ETH-USD,-0.2502,50.0,5,1220,0.7910323743480162,0.4432,0.6934,-0.8100085681790471,0.05,0.995,56.6314
False,False,False,ETH-USD,-0.3555,100.0,5,1220,0.8737241577666014,0.338,0.6934,-1.1441735152059187,0.05,0.995,56.6314
False,False,False,ETH-USD,-0.1652,10.0,5,1220,0.7043047299791898,0.5282,0.6934,-0.5368220485913936,0.1,0.9928,56.5038
False,False,False,ETH-USD,-0.249,50.0,5,1220,0.7902893568873368,0.4444,0.6934,-0.807425663573364,0.1,0.9928,56.5038
False,False,False,ETH-USD,-0.354,100.0,5,1220,0.873076786296078,0.3395,0.6934,-1.1410564625005677,0.1,0.9928,56.5038
False,False,False,ETH-USD,-0.1745,10.0,5,1220,0.7130182115984589,0.5189,0.6934,-0.5622237574031115,0.2,0.9681,55.1028
False,False,False,ETH-USD,-0.2561,50.0,5,1220,0.7948523166356392,0.4373,0.6934,-0.8233739596068005,0.2,0.9681,55.1028
False,False,False,ETH-USD,-0.3584,100.0,5,1220,0.8739887911139412,0.3351,0.6934,-1.1454509142446028,0.2,0.9681,55.1028
True,False,False,ETH-USD,0.0319,10.0,10,1195,0.45897299858397256,0.6661,0.6342,0.1030213866551355,0.0,1.0,56.611
False,False,False,ETH-USD,-0.0541,50.0,10,1195,0.5693203655009429,0.5801,0.6342,-0.17464413217099267,0.0,1.0,56.611
False,False,False,ETH-USD,-0.1619,100.0,10,1195,0.6987095743336288,0.4723,0.6342,-0.5206927132269953,0.0,1.0,56.611
True,False,False,ETH-USD,0.032,10.0,10,1195,0.45883870776804014,0.6662,0.6342,0.10335980079242356,0.025,0.999,56.5558
False,False,False,ETH-USD,-0.0539,50.0,10,1195,0.5690812886260135,0.5803,0.6342,-0.17403567842152642,0.025,0.999,56.5558
False,False,False,ETH-USD,-0.1616,100.0,10,1195,0.6983846849485543,0.4726,0.6342,-0.5197603325826645,0.025,0.999,56.5558
True,False,False,ETH-USD,0.0332,10.0,10,1195,0.4573002683109516,0.6674,0.6342,0.10723753734526587,0.05,0.9968,56.4314
False,False,False,ETH-USD,-0.0525,50.0,10,1195,0.5673279650627566,0.5816,0.6342,-0.16957540051428258,0.05,0.9968,56.4314
False,False,False,ETH-USD,-0.1599,100.0,10,1195,0.6965890743333885,0.4742,0.6342,-0.5146153287875374,0.05,0.9968,56.4314
True,False,False,ETH-USD,0.0361,10.0,10,1195,0.45361121122112436,0.6703,0.6342,0.11654273090019276,0.1,0.9891,55.9916
False,False,False,ETH-USD,-0.049,50.0,10,1195,0.5628056125088661,0.5852,0.6342,-0.15808632651869034,0.1,0.9891,55.9916
False,False,False,ETH-USD,-0.1556,100.0,10,1195,0.6916499982073734,0.4786,0.6342,-0.5005327474946837,0.1,0.9891,55.9916
True,False,False,ETH-USD,0.0499,10.0,10,1195,0.43597339313124406,0.6841,0.6342,0.16118615370571238,0.2,0.9531,53.9586
False,False,False,ETH-USD,-0.0321,50.0,10,1195,0.5412742349323405,0.6021,0.6342,-0.10364442663769255,0.2,0.9531,53.9586
False,False,False,ETH-USD,-0.1348,100.0,10,1195,0.6679472880124334,0.4993,0.6342,-0.4342520439619408,0.2,0.9531,53.9586
True,False,False,ETH-USD,0.1035,10.0,15,1170,0.37036212694918014,0.7616,0.6581,0.3308943975955613,0.0,1.0,52.8391
True,False,False,ETH-USD,0.0209,50.0,15,1170,0.473300266155651,0.679,0.6581,0.06697634820270515,0.0,1.0,52.8391
False,False,False,ETH-USD,-0.0825,100.0,15,1170,0.603984263719611,0.5756,0.6581,-0.2636735577030131,0.0,1.0,52.8391
True,False,False,ETH-USD,0.104,10.0,15,1170,0.36977353699856164,0.7621,0.6581,0.3324531984782935,0.025,0.9987,52.768
True,False,False,ETH-USD,0.0215,50.0,15,1170,0.47253325250027867,0.6796,0.6581,0.06890340897581412,0.025,0.9987,52.768
False,False,False,ETH-USD,-0.0818,100.0,15,1170,0.6030678931495008,0.5763,0.6581,-0.26129604836089576,0.025,0.9987,52.768
True,False,False,ETH-USD,0.1058,10.0,15,1170,0.3675521616687982,0.7639,0.6581,0.3383435305187875,0.05,0.9946,52.5554
True,False,False,ETH-USD,0.0237,50.0,15,1170,0.4697722548977713,0.6818,0.6581,0.07584236622495023,0.05,0.9946,52.5554
False,False,False,ETH-USD,-0.0792,100.0,15,1170,0.5999134290830468,0.5789,0.6581,-0.25312303135242376,0.05,0.9946,52.5554
True,False,False,ETH-USD,0.1052,10.0,15,1170,0.36832137999127545,0.7633,0.6581,0.3363025065017278,0.1,0.9946,52.5554
True,False,False,ETH-USD,0.0231,50.0,15,1170,0.47056209262591475,0.6812,0.6581,0.07385698257227752,0.1,0.9946,52.5554
False,False,False,ETH-USD,-0.0798,100.0,15,1170,0.6006535441441063,0.5783,0.6581,-0.2550390849472427,0.1,0.9946,52.5554
True,False,False,ETH-USD,0.0785,10.0,15,1170,0.4008727576091876,0.7366,0.6581,0.2510887219763182,0.2,0.9042,47.7751
False,False,False,ETH-USD,-0.0059,50.0,15,1170,0.5075417904815653,0.6522,0.6581,-0.018905591412507073,0.2,0.9042,47.7751
False,False,False,ETH-USD,-0.1117,100.0,15,1170,0.6391210268185641,0.5464,0.6581,-0.3561103234458235,0.2,0.9042,47.7751
False,False,False,ETH-USD,-0.0032,10.0,20,1145,0.5039516076868178,0.6164,0.6195,-0.00990537353561571,0.0,1.0,67.787
False,False,False,ETH-USD,-0.1111,50.0,20,1145,0.6353320360344544,0.5085,0.6195,-0.34600903071375977,0.0,1.0,67.787
False,False,False,ETH-USD,-0.2458,100.0,20,1145,0.7762011109340534,0.3737,0.6195,-0.7594259784205168,0.0,1.0,67.787
False,False,False,ETH-USD,-0.003,10.0,20,1145,0.5037042389680778,0.6166,0.6195,-0.009285283555742279,0.025,0.999,67.7179
False,False,False,ETH-USD,-0.1107,50.0,20,1145,0.6349723940571272,0.5088,0.6195,-0.3450520882389343,0.025,0.999,67.7179
False,False,False,ETH-USD,-0.2454,100.0,20,1145,0.7757952364352048,0.3741,0.6195,-0.7580692499662074,0.025,0.999,67.7179
False,False,False,ETH-USD,-0.003,10.0,20,1145,0.5037372920734177,0.6165,0.6195,-0.009368139007792847,0.05,0.9978,67.6368
False,False,False,ETH-USD,-0.1106,50.0,20,1145,0.6348537392638206,0.5089,0.6195,-0.34473643857374825,0.05,0.9978,67.6368
False,False,False,ETH-USD,-0.2451,100.0,20,1145,0.775560456413028,0.3744,0.6195,-0.7572850807081237,0.05,0.9978,67.6368
False,False,False,ETH-USD,-0.0017,10.0,20,1145,0.5021635816487989,0.6178,0.6195,-0.0054233215207332855,0.1,0.9937,67.3577
False,False,False,ETH-USD,-0.1089,50.0,20,1145,0.6328709941444388,0.5106,0.6195,-0.33946692191341493,0.1,0.9937,67.3577
False,False,False,ETH-USD,-0.2428,100.0,20,1145,0.7735455965236978,0.3767,0.6195,-0.750574442597428,0.1,0.9937,67.3577
False,False,False,ETH-USD,-0.0316,10.0,20,1145,0.5391363530610425,0.5879,0.6195,-0.0982581687676985,0.2,0.9165,62.1253
False,False,False,ETH-USD,-0.141,50.0,20,1145,0.6686539026860829,0.4786,0.6195,-0.43619921887323637,0.2,0.9165,62.1253
False,False,False,ETH-USD,-0.2776,100.0,20,1145,0.8023695845621448,0.3419,0.6195,-0.8501155791724169,0.2,0.9165,62.1253
False,False,False,SOL-USD,-0.4362,10.0,1,595,0.7837602522849096,-0.6006,-0.1645,-0.7849557805370397,0.0,1.0,44.6221
False,False,False,SOL-USD,-0.6368,50.0,1,595,0.8707988642060005,-0.8013,-0.1645,-1.1301755227778676,0.0,1.0,44.6221
False,False,False,SOL-USD,-0.8849,100.0,1,595,0.9379714293701513,-1.0494,-0.1645,-1.5379651287480232,0.0,1.0,44.6221
False,False,False,SOL-USD,-0.4345,10.0,1,595,0.7828693571027683,-0.5989,-0.1645,-0.7819205182264981,0.025,0.9982,44.5418
False,False,False,SOL-USD,-0.6346,50.0,1,595,0.8700236994300548,-0.7991,-0.1645,-1.1265031662569298,0.025,0.9982,44.5418
False,False,False,SOL-USD,-0.8822,100.0,1,595,0.9374355408123959,-1.0467,-0.1645,-1.533596628087406,0.025,0.9982,44.5418
False,False,False,SOL-USD,-0.4364,10.0,1,595,0.7837501264297522,-0.6009,-0.1645,-0.7849212413396397,0.05,0.9942,44.3622
False,False,False,SOL-USD,-0.6359,50.0,1,595,0.8703268357568099,-0.8004,-0.1645,-1.127937468774739,0.05,0.9942,44.3622
False,False,False,SOL-USD,-0.8826,100.0,1,595,0.9373834507128939,-1.0471,-0.1645,-1.533173553563295,0.05,0.9942,44.3622
False,False,False,SOL-USD,-0.4277,10.0,1,595,0.7787179630976069,-0.5922,-0.1645,-0.7678705861617587,0.1,0.9879,44.0843
False,False,False,SOL-USD,-0.6258,50.0,1,595,0.8661002013320938,-0.7903,-0.1645,-1.1081440782540464,0.1,0.9879,44.0843
False,False,False,SOL-USD,-0.8707,100.0,1,595,0.9345068355409687,-1.0352,-0.1645,-1.5102237952158069,0.1,0.9879,44.0843
False,False,False,SOL-USD,-0.3848,10.0,1,595,0.7660971857988572,-0.5493,-0.1645,-0.7260540632622269,0.2,0.9225,41.1636
False,False,False,SOL-USD,-0.5676,50.0,1,595,0.8545428202581287,-0.7321,-0.1645,-1.0561178866868972,0.2,0.9225,41.1636
False,False,False,SOL-USD,-0.7937,100.0,1,595,0.9259340951952076,-0.9581,-0.1645,-1.446161855958001,0.2,0.9225,41.1636
False,False,False,SOL-USD,-0.2193,10.0,5,575,0.6523589964602367,-0.5181,-0.2988,-0.39169713512090476,0.0,1.0,40.6605
False,False,False,SOL-USD,-0.4096,50.0,5,575,0.7654877858415688,-0.7084,-0.2988,-0.724067284491384,0.0,1.0,40.6605
False,False,False,SOL-USD,-0.6466,100.0,5,575,0.8693866650412032,-0.9454,-0.2988,-1.1234965384289133,0.0,1.0,40.6605
False,False,False,SOL-USD,-0.2161,10.0,5,575,0.6503566857707841,-0.5149,-0.2988,-0.3862836223908927,0.025,0.9966,40.5218
False,False,False,SOL-USD,-0.4062,50.0,5,575,0.7637406324078215,-0.7049,-0.2988,-0.7183869432565706,0.025,0.9966,40.5218
False,False,False,SOL-USD,-0.6428,100.0,5,575,0.8681032941973734,-0.9416,-0.2988,-1.117470019067659,0.025,0.9966,40.5218
False,False,False,SOL-USD,-0.2132,10.0,5,575,0.6484642607529784,-0.512,-0.2988,-0.38117758759756576,0.05,0.9931,40.3808
False,False,False,SOL-USD,-0.4025,50.0,5,575,0.7617782785933582,-0.7013,-0.2988,-0.7120344510863249,0.05,0.9931,40.3808
False,False,False,SOL-USD,-0.6382,100.0,5,575,0.8664292284213775,-0.937,-0.2988,-1.109669331344982,0.05,0.9931,40.3808
False,False,False,SOL-USD,-0.2046,10.0,5,575,0.6428667023283895,-0.5034,-0.2988,-0.36613197985660484,0.1,0.9777,39.7541
False,False,False,SOL-USD,-0.3908,50.0,5,575,0.7555395622039716,-0.6896,-0.2988,-0.692026200132346,0.1,0.9777,39.7541
False,False,False,SOL-USD,-0.6226,100.0,5,575,0.8608472166537713,-0.9213,-0.2988,-1.0841336007930378,0.1,0.9777,39.7541
False,False,False,SOL-USD,-0.195,10.0,5,575,0.6366332141184683,-0.4937,-0.2988,-0.34947388682894265,0.2,0.9414,38.2789
False,False,False,SOL-USD,-0.3743,50.0,5,575,0.7468335653031355,-0.6731,-0.2988,-0.6645585795803362,0.2,0.9414,38.2789
False,False,False,SOL-USD,-0.5976,100.0,5,575,0.8519020321736801,-0.8964,-0.2988,-1.0446258322742623,0.2,0.9414,38.2789
True,False,False,SOL-USD,0.0297,10.0,10,550,0.478528887769856,-0.4052,-0.4349,0.053846105952597936,0.0,1.0,33.5443
False,False,False,SOL-USD,-0.1295,50.0,10,550,0.5919624089405802,-0.5644,-0.4349,-0.23259593761714628,0.0,1.0,33.5443
False,False,False,SOL-USD,-0.3291,100.0,10,550,0.7198851011484366,-0.764,-0.4349,-0.5825002135729217,0.0,1.0,33.5443
True,False,False,SOL-USD,0.0289,10.0,10,550,0.47911939321606256,-0.406,-0.4349,0.05236383954458061,0.025,0.9993,33.5224
False,False,False,SOL-USD,-0.1302,50.0,10,550,0.5924492238846001,-0.5651,-0.4349,-0.23384984406156212,0.025,0.9993,33.5224
False,False,False,SOL-USD,-0.3297,100.0,10,550,0.720207629623291,-0.7646,-0.4349,-0.5834584192283747,0.025,0.9993,33.5224
True,False,False,SOL-USD,0.0346,10.0,10,550,0.47495411980418534,-0.4002,-0.4349,0.06282200928536398,0.05,0.9945,33.3592
False,False,False,SOL-USD,-0.1236,50.0,10,550,0.58783128221204,-0.5584,-0.4349,-0.22196974531280736,0.05,0.9945,33.3592
False,False,False,SOL-USD,-0.3219,100.0,10,550,0.7156396922368025,-0.7568,-0.4349,-0.5699367242952593,0.05,0.9945,33.3592
True,False,False,SOL-USD,0.0207,10.0,10,550,0.484970191970466,-0.4141,-0.4349,0.03768305827448012,0.1,0.9872,33.1154
False,False,False,SOL-USD,-0.1397,50.0,10,550,0.5992766661493584,-0.5746,-0.4349,-0.25147528547582193,0.1,0.9872,33.1154
False,False,False,SOL-USD,-0.341,100.0,10,550,0.7274254136026264,-0.7758,-0.4349,-0.6050448860766976,0.1,0.9872,33.1154
True,False,False,SOL-USD,0.0482,10.0,10,550,0.4651391827040636,-0.3867,-0.4349,0.08749461527338805,0.2,0.9328,31.2894
False,False,False,SOL-USD,-0.1036,50.0,10,550,0.5738802198078523,-0.5385,-0.4349,-0.18626167503634408,0.2,0.9328,31.2894
False,False,False,SOL-USD,-0.294,100.0,10,550,0.6989830761262268,-0.7289,-0.4349,-0.5214779707312293,0.2,0.9328,31.2894
True,False,False,SOL-USD,0.0536,10.0,15,525,0.46422904474980375,-0.4048,-0.4583,0.08978497333414738,0.0,1.0,25.7631
False,False,False,SOL-USD,-0.0737,50.0,15,525,0.5486765676994972,-0.5321,-0.4583,-0.12231839460020402,0.0,1.0,25.7631
False,False,False,SOL-USD,-0.2323,100.0,15,525,0.6479850295712991,-0.6907,-0.4583,-0.3798861336470623,0.0,1.0,25.7631
True,False,False,SOL-USD,0.0547,10.0,15,525,0.46342689430813666,-0.4036,-0.4583,0.09180397146627024,0.025,0.9985,25.7234
False,False,False,SOL-USD,-0.0724,50.0,15,525,0.5477917715556735,-0.5307,-0.4583,-0.12008418926918484,0.025,0.9985,25.7234
False,False,False,SOL-USD,-0.2308,100.0,15,525,0.6470700566273798,-0.6891,-0.4583,-0.37742217946291107,0.025,0.9985,25.7234
True,False,False,SOL-USD,0.0524,10.0,15,525,0.46499971598874745,-0.406,-0.4583,0.08784555255864201,0.05,0.9965,25.6728
False,False,False,SOL-USD,-0.0745,50.0,15,525,0.5492054763489366,-0.5329,-0.4583,-0.12365423669544706,0.05,0.9965,25.6728
False,False,False,SOL-USD,-0.2327,100.0,15,525,0.6482163971160283,-0.691,-0.4583,-0.3805095541751921,0.05,0.9965,25.6728
True,False,False,SOL-USD,0.0475,10.0,15,525,0.4682974623019909,-0.4108,-0.4583,0.07955030015594447,0.1,0.9922,25.5627
False,False,False,SOL-USD,-0.0786,50.0,15,525,0.5517933897115848,-0.537,-0.4583,-0.13019364723187274,0.1,0.9922,25.5627
False,False,False,SOL-USD,-0.2358,100.0,15,525,0.6498553351774023,-0.6941,-0.4583,-0.3849299309575411,0.1,0.9922,25.5627
True,False,False,SOL-USD,0.0665,10.0,15,525,0.45567846047539773,-0.3919,-0.4583,0.1113271571660366,0.2,0.9041,23.2932
False,False,False,SOL-USD,-0.0525,50.0,15,525,0.5347210591012587,-0.5109,-0.4583,-0.08714295535350491,0.2,0.9041,23.2932
False,False,False,SOL-USD,-0.2007,100.0,15,525,0.62869077274765,-0.6591,-0.4583,-0.32838781547190754,0.2,0.9041,23.2932
True,False,False,SOL-USD,0.2382,10.0,20,500,0.35006175854250676,-0.2678,-0.506,0.3851537365884804,0.0,1.0,30.8392
True,False,False,SOL-USD,0.0695,50.0,20,500,0.4559989835439129,-0.4365,-0.506,0.1105187670472538,0.0,1.0,30.8392
False,False,False,SOL-USD,-0.1401,100.0,20,500,0.5862497040717957,-0.6461,-0.506,-0.21790825921281182,0.0,1.0,30.8392
True,False,False,SOL-USD,0.2382,10.0,20,500,0.35006175854250676,-0.2678,-0.506,0.3851537365884804,0.025,1.0,30.8392
True,False,False,SOL-USD,0.0695,50.0,20,500,0.4559989835439129,-0.4365,-0.506,0.1105187670472538,0.025,1.0,30.8392
False,False,False,SOL-USD,-0.1401,100.0,20,500,0.5862497040717957,-0.6461,-0.506,-0.21790825921281182,0.025,1.0,30.8392
True,False,False,SOL-USD,0.2346,10.0,20,500,0.35229613627808076,-0.2714,-0.506,0.3791287300947243,0.05,0.9895,30.5167
True,False,False,SOL-USD,0.0675,50.0,20,500,0.4572335914921448,-0.4385,-0.506,0.10740563663989616,0.05,0.9895,30.5167
False,False,False,SOL-USD,-0.1399,100.0,20,500,0.5861574000580707,-0.6459,-0.506,-0.2176713345151058,0.05,0.9895,30.5167
True,False,False,SOL-USD,0.2457,10.0,20,500,0.34560376754154043,-0.2603,-0.506,0.3972168806366492,0.1,0.9741,30.0402
True,False,False,SOL-USD,0.081,50.0,20,500,0.44869595566571085,-0.425,-0.506,0.12895669965545878,0.1,0.9741,30.0402
False,False,False,SOL-USD,-0.1235,100.0,20,500,0.5762277998963526,-0.6295,-0.506,-0.1922525300884282,0.1,0.9741,30.0402
True,False,False,SOL-USD,0.191,10.0,20,500,0.3668845927311385,-0.315,-0.506,0.3401159834896469,0.2,0.9193,28.3502
True,False,False,SOL-USD,0.0313,50.0,20,500,0.478186372482183,-0.4747,-0.506,0.05470593002318021,0.2,0.9193,28.3502
False,False,False,SOL-USD,-0.1668,100.0,20,500,0.611811317431957,-0.6728,-0.506,-0.2840430818940813,0.2,0.9193,28.3502
True,False,False,LTC-USD,0.1028,10.0,1,595,0.4031612041918068,0.1711,0.0683,0.24517309426051911,0.0,1.0,36.8995
False,False,False,LTC-USD,-0.0337,50.0,1,595,0.5315816473495959,0.0346,0.0683,-0.07924631632692243,0.0,1.0,36.8995
False,False,False,LTC-USD,-0.2044,100.0,1,595,0.6812443694768495,-0.1361,0.0683,-0.4711813145814417,0.0,1.0,36.8995
True,False,False,LTC-USD,0.1028,10.0,1,595,0.40318436205413954,0.1711,0.0683,0.24511327543183345,0.025,0.9988,36.8562
False,False,False,LTC-USD,-0.0335,50.0,1,595,0.5314572064369958,0.0348,0.0683,-0.07893341210413536,0.025,0.9988,36.8562
False,False,False,LTC-USD,-0.2041,100.0,1,595,0.6809740238580785,-0.1358,0.0683,-0.4704242357472651,0.025,0.9988,36.8562
True,False,False,LTC-USD,0.1056,10.0,1,595,0.4005864027007231,0.1739,0.0683,0.25182956324126826,0.05,0.994,36.679
False,False,False,LTC-USD,-0.03,50.0,1,595,0.5281784968860147,0.0383,0.0683,-0.07069185143287338,0.05,0.994,36.679
False,False,False,LTC-USD,-0.1997,100.0,1,595,0.6774015595680916,-0.1314,0.0683,-0.46044494423062626,0.05,0.994,36.679
True,False,False,LTC-USD,0.1085,10.0,1,595,0.3978384704407525,0.1768,0.0683,0.2589459540123039,0.1,0.9832,36.2802
False,False,False,LTC-USD,-0.0255,50.0,1,595,0.5239957529147676,0.0427,0.0683,-0.0601847465633911,0.1,0.9832,36.2802
False,False,False,LTC-USD,-0.1933,100.0,1,595,0.672203694977726,-0.125,0.0683,-0.44600641781159583,0.1,0.9832,36.2802
True,False,False,LTC-USD,0.1118,10.0,1,595,0.3947674633452374,0.1801,0.0683,0.26691458503170773,0.2,0.9236,34.0819
False,False,False,LTC-USD,-0.0142,50.0,1,595,0.5134087568446397,0.054,0.0683,-0.03361709979462577,0.2,0.9236,34.0819
False,False,False,LTC-USD,-0.172,100.0,1,595,0.6547293218886492,-0.1037,0.0683,-0.3981205104433017,0.2,0.9236,34.0819
False,False,False,LTC-USD,-0.1746,10.0,5,575,0.6579069593647782,-0.2365,-0.0619,-0.40675753125117026,0.0,1.0,35.3659
False,False,False,LTC-USD,-0.3088,50.0,5,575,0.7610534911708284,-0.3707,-0.0619,-0.7096954446120094,0.0,1.0,35.3659
False,False,False,LTC-USD,-0.4757,100.0,5,575,0.8576103405580736,-0.5376,-0.0619,-1.0696445841159277,0.0,1.0,35.3659
False,False,False,LTC-USD,-0.1734,10.0,5,575,0.6569309498640903,-0.2353,-0.0619,-0.40410147512945477,0.025,0.9976,35.2809
False,False,False,LTC-USD,-0.3073,50.0,5,575,0.7600545977080786,-0.3692,-0.0619,-0.7064782006760689,0.025,0.9976,35.2809
False,False,False,LTC-USD,-0.4737,100.0,5,575,0.8567487954049383,-0.5357,-0.0619,-1.065825770356181,0.025,0.9976,35.2809
False,False,False,LTC-USD,-0.1744,10.0,5,575,0.6578441939443862,-0.2363,-0.0619,-0.4065866388855118,0.05,0.996,35.2233
False,False,False,LTC-USD,-0.3081,50.0,5,575,0.7606977072113114,-0.37,-0.0619,-0.7085486921209885,0.05,0.996,35.2233
False,False,False,LTC-USD,-0.4742,100.0,5,575,0.857097403816654,-0.5361,-0.0619,-1.0673691082773882,0.05,0.996,35.2233
False,False,False,LTC-USD,-0.17,10.0,5,575,0.6573264061102397,-0.232,-0.0619,-0.40517730244765265,0.1,0.9772,34.5612
False,False,False,LTC-USD,-0.3012,50.0,5,575,0.7604106487640062,-0.3631,-0.0619,-0.7076241324629781,0.1,0.9772,34.5612
False,False,False,LTC-USD,-0.4642,100.0,5,575,0.8569399752567395,-0.5261,-0.0619,-1.0666718355361087,0.1,0.9772,34.5612
False,False,False,LTC-USD,-0.1878,10.0,5,575,0.668961679920005,-0.2498,-0.0619,-0.43704785870477314,0.2,0.9553,33.7863
False,False,False,LTC-USD,-0.3161,50.0,5,575,0.7658853690830851,-0.378,-0.0619,-0.7253631692747735,0.2,0.9553,33.7863
False,False,False,LTC-USD,-0.4755,100.0,5,575,0.8572420729713197,-0.5374,-0.0619,-1.0680103257307079,0.2,0.9553,33.7863
False,False,False,LTC-USD,-0.1842,10.0,10,550,0.6572686193603829,-0.3323,-0.148,-0.4050200660305351,0.0,1.0,33.0462
False,False,False,LTC-USD,-0.3135,50.0,10,550,0.7512642083236081,-0.4615,-0.148,-0.6784734008474679,0.0,1.0,33.0462
False,False,False,LTC-USD,-0.4745,100.0,10,550,0.8421080935592629,-0.6225,-0.148,-1.0031597019589225,0.0,1.0,33.0462
False,False,False,LTC-USD,-0.1847,10.0,10,550,0.6576142611521683,-0.3327,-0.148,-0.40596069874002233,0.025,0.9997,33.0347
False,False,False,LTC-USD,-0.3139,50.0,10,550,0.7515190342739086,-0.4619,-0.148,-0.6792776871585787,0.025,0.9997,33.0347
False,False,False,LTC-USD,-0.4749,100.0,10,550,0.8422630719698945,-0.6229,-0.148,-1.003802423440421,0.025,0.9997,33.0347
False,False,False,LTC-USD,-0.1814,10.0,10,550,0.6548733900695262,-0.3294,-0.148,-0.3985114500206662,0.05,0.9981,32.9821
False,False,False,LTC-USD,-0.3105,50.0,10,550,0.7491140885544656,-0.4586,-0.148,-0.6717045206149501,0.05,0.9981,32.9821
False,False,False,LTC-USD,-0.4715,100.0,10,550,0.8404058137108905,-0.6195,-0.148,-0.9961271442930314,0.05,0.9981,32.9821
False,False,False,LTC-USD,-0.1794,10.0,10,550,0.6564042065833033,-0.3274,-0.148,-0.40266921101369335,0.1,0.9796,32.3725
False,False,False,LTC-USD,-0.3062,50.0,10,550,0.750680264863268,-0.4543,-0.148,-0.6766320005279244,0.1,0.9796,32.3725
False,False,False,LTC-USD,-0.4644,100.0,10,550,0.8417379793971663,-0.6124,-0.148,-1.0016264503765187,0.1,0.9796,32.3725
False,False,False,LTC-USD,-0.1799,10.0,10,550,0.6568957946154456,-0.3279,-0.148,-0.4040058589406306,0.2,0.9796,32.3725
False,False,False,LTC-USD,-0.3068,50.0,10,550,0.7510894102590343,-0.4548,-0.148,-0.6779219537133696,0.2,0.9796,32.3725
False,False,False,LTC-USD,-0.4649,100.0,10,550,0.8419975590703817,-0.6129,-0.148,-1.0027015499426875,0.2,0.9796,32.3725
True,False,False,LTC-USD,0.4575,10.0,15,525,0.15706717711587337,0.3531,-0.1043,1.0065847743184684,0.0,1.0,22.6932
True,False,False,LTC-USD,0.3667,50.0,15,525,0.2105970502551422,0.2624,-0.1043,0.8043513307766961,0.0,1.0,22.6932
True,False,False,LTC-USD,0.2531,100.0,15,525,0.2907343342976366,0.1487,-0.1043,0.5512407213009025,0.0,1.0,22.6932
True,False,False,LTC-USD,0.4574,10.0,15,525,0.15708641205989426,0.3531,-0.1043,1.0065047577801602,0.025,0.9997,22.6871
True,False,False,LTC-USD,0.3667,50.0,15,525,0.21060398620459642,0.2623,-0.1043,0.8043273047580284,0.025,0.9997,22.6871
True,False,False,LTC-USD,0.2531,100.0,15,525,0.2907187108409023,0.1487,-0.1043,0.5512863099009737,0.025,0.9997,22.6871
True,False,False,LTC-USD,0.4569,10.0,15,525,0.1573929352112936,0.3526,-0.1043,1.0052305031731303,0.05,0.9928,22.5292
True,False,False,LTC-USD,0.3668,50.0,15,525,0.2106004514368518,0.2624,-0.1043,0.8043395490792966,0.05,0.9928,22.5292
True,False,False,LTC-USD,0.254,100.0,15,525,0.29013752639907076,0.1496,-0.1043,0.5529829974297993,0.05,0.9928,22.5292
True,False,False,LTC-USD,0.4547,10.0,15,525,0.15762058298992843,0.3504,-0.1043,1.0042851984761698,0.1,0.9662,21.9267
True,False,False,LTC-USD,0.3668,50.0,15,525,0.2095713948425404,0.2625,-0.1043,0.8079093130286328,0.1,0.9662,21.9267
True,False,False,LTC-USD,0.2567,100.0,15,525,0.28708090426727684,0.1524,-0.1043,0.5619327950009382,0.1,0.9662,21.9267
True,False,False,LTC-USD,0.4446,10.0,15,525,0.16282004310363618,0.3403,-0.1043,0.9829336679562659,0.2,0.938,21.2858
True,False,False,LTC-USD,0.3594,50.0,15,525,0.21429535878237616,0.255,-0.1043,0.7916055366779281,0.2,0.938,21.2858
True,False,False,LTC-USD,0.2526,100.0,15,525,0.2903154464041646,0.1483,-0.1043,0.5524634157363041,0.2,0.938,21.2858
True,False,True,LTC-USD,0.6708,10.0,20,500,0.07134308828514524,0.5006,-0.1702,1.4658609342245634,0.0,1.0,13.3794
True,False,True,LTC-USD,0.6151,50.0,20,500,0.09013531086297777,0.4449,-0.1702,1.339922255630784,0.0,1.0,13.3794
True,False,False,LTC-USD,0.5453,100.0,20,500,0.11881955459222748,0.3751,-0.1702,1.180908412154764,0.0,1.0,13.3794
True,False,True,LTC-USD,0.6708,10.0,20,500,0.07134308828514524,0.5006,-0.1702,1.4658609342245634,0.025,1.0,13.3794
True,False,True,LTC-USD,0.6151,50.0,20,500,0.09013531086297777,0.4449,-0.1702,1.339922255630784,0.025,1.0,13.3794
True,False,False,LTC-USD,0.5453,100.0,20,500,0.11881955459222748,0.3751,-0.1702,1.180908412154764,0.025,1.0,13.3794
True,False,True,LTC-USD,0.6708,10.0,20,500,0.07134308828514524,0.5006,-0.1702,1.4658609342245634,0.05,1.0,13.3794
True,False,True,LTC-USD,0.6151,50.0,20,500,0.09013531086297777,0.4449,-0.1702,1.339922255630784,0.05,1.0,13.3794
True,False,False,LTC-USD,0.5453,100.0,20,500,0.11881955459222748,0.3751,-0.1702,1.180908412154764,0.05,1.0,13.3794
True,False,True,LTC-USD,0.6835,10.0,20,500,0.0681181514843816,0.5133,-0.1702,1.4899541082875594,0.1,0.986,13.1915
True,False,True,LTC-USD,0.6286,50.0,20,500,0.08594397567976297,0.4584,-0.1702,1.3661625428840456,0.1,0.986,13.1915
True,False,False,LTC-USD,0.5598,100.0,20,500,0.11318782875885125,0.3896,-0.1702,1.2097478635651435,0.1,0.986,13.1915
True,False,True,LTC-USD,0.6826,10.0,20,500,0.06827567747435748,0.5124,-0.1702,1.4887570541353363,0.2,0.9585,12.8243
True,False,True,LTC-USD,0.6292,50.0,20,500,0.08561080688666134,0.4591,-0.1702,1.368289060105791,0.2,0.9585,12.8243
True,False,False,LTC-USD,0.5623,100.0,20,500,0.11197424614071017,0.3921,-0.1702,1.216095637276819,0.2,0.9585,12.8243
True,False,False,XRP-USD,0.348,10.0,1,595,0.17890165583419737,1.0025,0.6545,0.9195589021143865,0.0,1.0,47.8042
True,False,False,XRP-USD,0.2018,50.0,1,595,0.3002888500364026,0.8563,0.6545,0.5235699308751891,0.0,1.0,47.8042
True,False,False,XRP-USD,0.0184,100.0,1,595,0.4815640725109034,0.6729,0.6545,0.0462284774347583,0.0,1.0,47.8042
True,False,False,XRP-USD,0.3485,10.0,1,595,0.17850955643120625,1.003,0.6545,0.9210599799226235,0.025,0.9995,47.7786
True,False,False,XRP-USD,0.2024,50.0,1,595,0.29973243579830977,0.8569,0.6545,0.5251702104792083,0.025,0.9995,47.7786
True,False,False,XRP-USD,0.019,100.0,1,595,0.4808982920911544,0.6736,0.6545,0.047899190947989084,0.025,0.9995,47.7786
True,False,False,XRP-USD,0.3475,10.0,1,595,0.17921904610998285,1.002,0.6545,0.9183453496985954,0.05,0.9983,47.7225
True,False,False,XRP-USD,0.2015,50.0,1,595,0.3004778340609764,0.8561,0.6545,0.5230267069648439,0.05,0.9983,47.7225
True,False,False,XRP-USD,0.0185,100.0,1,595,0.4814777412304323,0.673,0.6545,0.04644511030505547,0.05,0.9983,47.7225
True,False,False,XRP-USD,0.3478,10.0,1,595,0.1788466285861503,1.0023,0.6545,0.9197694384192935,0.1,0.9901,47.3295
True,False,False,XRP-USD,0.2031,50.0,1,595,0.2989269254800466,0.8576,0.6545,0.5274892913525127,0.1,0.9901,47.3295
True,False,False,XRP-USD,0.0215,100.0,1,595,0.47840173661957375,0.676,0.6545,0.05416529175429091,0.1,0.9901,47.3295
True,False,False,XRP-USD,0.3561,10.0,1,595,0.16752834581591824,1.0107,0.6545,0.9639785269276543,0.2,0.9524,45.5265
True,False,False,XRP-USD,0.218,50.0,1,595,0.2807308713194303,0.8726,0.6545,0.5806716938869887,0.2,0.9524,45.5265
True,False,False,XRP-USD,0.0446,100.0,1,595,0.45405705113758166,0.6991,0.6545,0.11541763422720519,0.2,0.9524,45.5265
True,False,True,XRP-USD,0.4788,10.0,5,575,0.09913552112142732,1.0577,0.5789,1.2864930516229724,0.0,1.0,36.2687
True,False,False,XRP-USD,0.3672,50.0,5,575,0.16444998199841243,0.9461,0.5789,0.9763320063196339,0.0,1.0,36.2687
True,False,False,XRP-USD,0.2266,100.0,5,575,0.2771837107327204,0.8056,0.5789,0.5912283624219585,0.0,1.0,36.2687
True,False,True,XRP-USD,0.4796,10.0,5,575,0.09868802210434113,1.0585,0.5789,1.2890634060469826,0.025,0.9993,36.2442
True,False,False,XRP-USD,0.368,50.0,5,575,0.1637952497693913,0.947,0.5789,0.9789787090371186,0.025,0.9993,36.2442
True,False,False,XRP-USD,0.2276,100.0,5,575,0.2762809350468842,0.8065,0.5789,0.5939256085647858,0.025,0.9993,36.2442
True,False,True,XRP-USD,0.48,10.0,5,575,0.0984753796624882,1.0589,0.5789,1.2902877765742193,0.05,0.9978,36.1898
True,False,False,XRP-USD,0.3686,50.0,5,575,0.16337804707670212,0.9476,0.5789,0.9806688006420192,0.05,0.9978,36.1898
True,False,False,XRP-USD,0.2284,100.0,5,575,0.2755424514530582,0.8073,0.5789,0.5961352115755792,0.05,0.9978,36.1898
True,False,True,XRP-USD,0.4965,10.0,5,575,0.09009760968255187,1.0754,0.5789,1.340154196197262,0.1,0.9891,35.873
True,False,False,XRP-USD,0.3858,50.0,5,575,0.15151185212283447,0.9647,0.5789,1.0299708187903238,0.1,0.9891,35.873
True,False,False,XRP-USD,0.2463,100.0,5,575,0.25955549578702153,0.8252,0.5789,0.6447163921377189,0.1,0.9891,35.873
True,False,True,XRP-USD,0.5008,10.0,5,575,0.08850837860668181,1.0797,0.5789,1.3499975859794446,0.2,0.9569,34.7056
True,False,False,XRP-USD,0.3938,50.0,5,575,0.14676846572645896,0.9727,0.5789,1.0503941558874301,0.2,0.9569,34.7056
True,False,False,XRP-USD,0.2589,100.0,5,575,0.24900972979847813,0.8378,0.5789,0.6776092815549781,0.2,0.9569,34.7056
True,False,False,XRP-USD,0.5463,10.0,10,550,0.12198370325378483,1.0646,0.5183,1.1651274513628394,0.0,1.0,29.6009
True,False,False,XRP-USD,0.4429,50.0,10,550,0.1753642096214867,0.9612,0.5183,0.9331773267568212,0.0,1.0,29.6009
True,False,False,XRP-USD,0.3132,100.0,10,550,0.2583352127110172,0.8316,0.5183,0.6484863672928024,0.0,1.0,29.6009
True,False,False,XRP-USD,0.5463,10.0,10,550,0.12196558127601542,1.0647,0.5183,1.1652170085280544,0.025,1.0,29.6009
True,False,False,XRP-USD,0.443,50.0,10,550,0.17533828968593546,0.9613,0.5183,0.9332777514111483,0.025,1.0,29.6009
True,False,False,XRP-USD,0.3133,100.0,10,550,0.2583004408966424,0.8316,0.5183,0.6485939271841912,0.025,1.0,29.6009
True,False,False,XRP-USD,0.5468,10.0,10,550,0.12179986775920792,1.0652,0.5183,1.166036383496067,0.05,0.9952,29.4602
True,False,False,XRP-USD,0.4439,50.0,10,550,0.17486418323249375,0.9622,0.5183,0.9351163013716826,0.05,0.9952,29.4602
True,False,False,XRP-USD,0.3148,100.0,10,550,0.257313300263029,0.8331,0.5183,0.6516505952993406,0.05,0.9952,29.4602
True,False,False,XRP-USD,0.5468,10.0,10,550,0.12179986775920792,1.0652,0.5183,1.166036383496067,0.1,0.9952,29.4602
True,False,False,XRP-USD,0.4439,50.0,10,550,0.17486418323249375,0.9622,0.5183,0.9351163013716826,0.1,0.9952,29.4602
True,False,False,XRP-USD,0.3148,100.0,10,550,0.257313300263029,0.8331,0.5183,0.6516505952993406,0.1,0.9952,29.4602
True,False,False,XRP-USD,0.5514,10.0,10,550,0.11949742973292277,1.0698,0.5183,1.1775028530059128,0.2,0.9683,28.6622
True,False,False,XRP-USD,0.4514,50.0,10,550,0.17044213203436576,0.9697,0.5183,0.9524195192984404,0.2,0.9683,28.6622
True,False,False,XRP-USD,0.3259,100.0,10,550,0.24954920691826277,0.8442,0.5183,0.6759090147793616,0.2,0.9683,28.6622
True,False,False,XRP-USD,0.4985,10.0,15,525,0.14771515873569174,1.0793,0.5808,1.046283161162592,0.0,1.0,25.3092
True,False,False,XRP-USD,0.4078,50.0,15,525,0.19885371164078725,0.9887,0.5808,0.8457227598339523,0.0,1.0,25.3092
True,False,False,XRP-USD,0.2943,100.0,15,525,0.2742257350609669,0.8751,0.5808,0.6000821768980225,0.0,1.0,25.3092
True,False,False,XRP-USD,0.4893,10.0,15,525,0.15087570362397673,1.0701,0.5808,1.0326848466018592,0.025,0.9991,25.2862
True,False,False,XRP-USD,0.3987,50.0,15,525,0.20289456687417606,0.9795,0.5808,0.8313266317039523,0.025,0.9991,25.2862
True,False,False,XRP-USD,0.2853,100.0,15,525,0.2793348579776326,0.8661,0.5808,0.5848185708524887,0.025,0.9991,25.2862
True,False,False,XRP-USD,0.4893,10.0,15,525,0.15087570362397673,1.0701,0.5808,1.0326848466018592,0.05,0.9991,25.2862
True,False,False,XRP-USD,0.3987,50.0,15,525,0.20289456687417606,0.9795,0.5808,0.8313266317039523,0.05,0.9991,25.2862
True,False,False,XRP-USD,0.2853,100.0,15,525,0.2793348579776326,0.8661,0.5808,0.5848185708524887,0.05,0.9991,25.2862
True,False,False,XRP-USD,0.4929,10.0,15,525,0.14918641156297685,1.0737,0.5808,1.0399291397429666,0.1,0.9873,24.9873
True,False,False,XRP-USD,0.4034,50.0,15,525,0.20021835995781556,0.9842,0.5808,0.8408415263128438,0.1,0.9873,24.9873
True,False,False,XRP-USD,0.2913,100.0,15,525,0.27525709379659746,0.8721,0.5808,0.5969898045431495,0.1,0.9873,24.9873
True,False,False,XRP-USD,0.5007,10.0,15,525,0.14474808811374118,1.0815,0.5808,1.059227516637721,0.2,0.9639,24.395
True,False,False,XRP-USD,0.4133,50.0,15,525,0.19379628213216726,0.9941,0.5808,0.8639914921512674,0.2,0.9639,24.395
True,False,False,XRP-USD,0.3038,100.0,15,525,0.2660845214594384,0.8846,0.5808,0.624698370339358,0.2,0.9639,24.395
True,False,True,XRP-USD,0.7336,10.0,20,500,0.07305865353415641,1.3266,0.593,1.4533834928911198,0.0,1.0,21.8794
True,False,False,XRP-USD,0.6501,50.0,20,500,0.10097072997662249,1.2431,0.593,1.2760397725736239,0.0,1.0,21.8794
True,False,False,XRP-USD,0.5453,100.0,20,500,0.14537377541279306,1.1383,0.593,1.0564831155291918,0.0,1.0,21.8794
True,False,True,XRP-USD,0.7336,10.0,20,500,0.07305865353415641,1.3266,0.593,1.4533834928911198,0.025,1.0,21.8794
True,False,False,XRP-USD,0.6501,50.0,20,500,0.10097072997662249,1.2431,0.593,1.2760397725736239,0.025,1.0,21.8794
True,False,False,XRP-USD,0.5453,100.0,20,500,0.14537377541279306,1.1383,0.593,1.0564831155291918,0.025,1.0,21.8794
True,False,True,XRP-USD,0.7336,10.0,20,500,0.07305865353415641,1.3266,0.593,1.4533834928911198,0.05,1.0,21.8794
True,False,False,XRP-USD,0.6501,50.0,20,500,0.10097072997662249,1.2431,0.593,1.2760397725736239,0.05,1.0,21.8794
True,False,False,XRP-USD,0.5453,100.0,20,500,0.14537377541279306,1.1383,0.593,1.0564831155291918,0.05,1.0,21.8794
True,False,True,XRP-USD,0.7339,10.0,20,500,0.07295692056313574,1.3269,0.593,1.4541171083004587,0.1,0.989,21.6379
True,False,False,XRP-USD,0.6512,50.0,20,500,0.10047033558563756,1.2442,0.593,1.2788761538344395,0.1,0.989,21.6379
True,False,False,XRP-USD,0.5476,100.0,20,500,0.14417513924968417,1.1405,0.593,1.0617476117111815,0.1,0.989,21.6379
True,False,True,XRP-USD,0.737,10.0,20,500,0.07209861512099514,1.3299,0.593,1.460337901811272,0.2,0.989,21.6379
True,False,True,XRP-USD,0.6543,50.0,20,500,0.09937605564883101,1.2473,0.593,1.2851149694214394,0.2,0.989,21.6379
True,False,False,XRP-USD,0.5506,100.0,20,500,0.14277033437231745,1.1436,0.593,1.0679553154157784,0.2,0.989,21.6379
True,False,False,ADA-USD,0.3023,10.0,1,595,0.3016349170717165,0.2713,-0.031,0.5197040923741201,0.0,1.0,29.0441
True,False,False,ADA-USD,0.1948,50.0,1,595,0.36985702059828673,0.1638,-0.031,0.33223205437330855,0.0,1.0,29.0441
True,False,False,ADA-USD,0.0605,100.0,1,595,0.45936353787579165,0.0295,-0.031,0.10203729081653988,0.0,1.0,29.0441
True,False,False,ADA-USD,0.3059,10.0,1,595,0.2993183558036385,0.2749,-0.031,0.5263620017861276,0.025,0.9976,28.9745
True,False,False,ADA-USD,0.1986,50.0,1,595,0.3672793930241932,0.1676,-0.031,0.3390676260024123,0.025,0.9976,28.9745
True,False,False,ADA-USD,0.0647,100.0,1,595,0.45656980246911927,0.0336,-0.031,0.10907928509537877,0.025,0.9976,28.9745
True,False,False,ADA-USD,0.3038,10.0,1,595,0.3005205732145063,0.2728,-0.031,0.5229038770826338,0.05,0.9976,28.9745
True,False,False,ADA-USD,0.1966,50.0,1,595,0.3685641484758233,0.1656,-0.031,0.335658642019666,0.05,0.9976,28.9745
True,False,False,ADA-USD,0.0627,100.0,1,595,0.45789011813275937,0.0317,-0.031,0.10575059513478141,0.05,0.9976,28.9745
True,False,False,ADA-USD,0.3326,10.0,1,595,0.2715762535466768,0.3016,-0.031,0.608052722297907,0.1,0.9678,28.1086
True,False,False,ADA-USD,0.2289,50.0,1,595,0.3390372260962816,0.1979,-0.031,0.4150921413084578,0.1,0.9678,28.1086
True,False,False,ADA-USD,0.0993,100.0,1,595,0.4294107569717891,0.0682,-0.031,0.17787453002177553,0.1,0.9678,28.1086
True,False,False,ADA-USD,0.3371,10.0,1,595,0.2689574471006315,0.3061,-0.031,0.6159691298596197,0.2,0.9279,26.9486
True,False,False,ADA-USD,0.2374,50.0,1,595,0.33342253076904504,0.2064,-0.031,0.43048199462084885,0.2,0.9279,26.9486
True,False,False,ADA-USD,0.1128,100.0,1,595,0.4198647073127302,0.0818,-0.031,0.20223960223311013,0.2,0.9279,26.9486
False,False,False,ADA-USD,-0.002,10.0,5,575,0.5012335381596478,-0.1644,-0.1624,-0.0030920265557550205,0.0,1.0,24.8445
False,False,False,ADA-USD,-0.0898,50.0,5,575,0.5555566109937622,-0.2523,-0.1624,-0.1397129704196202,0.0,1.0,24.8445
False,False,False,ADA-USD,-0.1991,100.0,5,575,0.6210499802428538,-0.3615,-0.1624,-0.3082395769300296,0.0,1.0,24.8445
False,False,False,ADA-USD,-0.0026,10.0,5,575,0.501591224184206,-0.165,-0.1624,-0.003988618107252403,0.025,0.9986,24.8095
False,False,False,ADA-USD,-0.0903,50.0,5,575,0.5558328551448213,-0.2527,-0.1624,-0.14041223724906715,0.025,0.9986,24.8095
False,False,False,ADA-USD,-0.1994,100.0,5,575,0.6212221704546219,-0.3618,-0.1624,-0.30869222452877904,0.025,0.9986,24.8095
False,False,False,ADA-USD,-0.0019,10.0,5,575,0.5011780633084963,-0.1643,-0.1624,-0.002952971090046959,0.05,0.9964,24.7562
False,False,False,ADA-USD,-0.0895,50.0,5,575,0.5553278779929897,-0.2519,-0.1624,-0.13913402199880856,0.05,0.9964,24.7562
False,False,False,ADA-USD,-0.1984,100.0,5,575,0.6206208259169125,-0.3609,-0.1624,-0.3071117056414487,0.05,0.9964,24.7562
False,False,False,ADA-USD,-0.002,10.0,5,575,0.5012663272793837,-0.1645,-0.1624,-0.0031742170938173155,0.1,0.9922,24.6498
False,False,False,ADA-USD,-0.0892,50.0,5,575,0.5551828071157505,-0.2517,-0.1624,-0.1387668558076543,0.1,0.9922,24.6498
False,False,False,ADA-USD,-0.1977,100.0,5,575,0.620204144153595,-0.3602,-0.1624,-0.3060169875036919,0.1,0.9922,24.6498
False,False,False,ADA-USD,-0.0104,10.0,5,575,0.506509029982665,-0.1729,-0.1624,-0.016316442543739144,0.2,0.9313,23.1376
False,False,False,ADA-USD,-0.0921,50.0,5,575,0.5570048708711117,-0.2546,-0.1624,-0.1433797710569223,0.2,0.9313,23.1376
False,False,False,ADA-USD,-0.1937,100.0,5,575,0.6179249129473277,-0.3561,-0.1624,-0.30003537299675664,0.2,0.9313,23.1376
True,False,False,ADA-USD,0.2262,10.0,10,550,0.3655501119038842,-0.0115,-0.2377,0.34366235659598565,0.0,1.0,21.7355
True,False,False,ADA-USD,0.1472,50.0,10,550,0.4117682756209633,-0.0905,-0.2377,0.22299865764916615,0.0,1.0,21.7355
True,False,False,ADA-USD,0.0487,100.0,10,550,0.47071561887789615,-0.189,-0.2377,0.07347110378016244,0.0,1.0,21.7355
True,False,False,ADA-USD,0.2259,10.0,10,550,0.3657142893418207,-0.0118,-0.2377,0.3432258239148446,0.025,1.0,21.7355
True,False,False,ADA-USD,0.1469,50.0,10,550,0.41194032815342296,-0.0908,-0.2377,0.22255655003527308,0.025,1.0,21.7355
True,False,False,ADA-USD,0.0484,100.0,10,550,0.4708943150105941,-0.1893,-0.2377,0.07302197581388485,0.025,1.0,21.7355
True,False,False,ADA-USD,0.2271,10.0,10,550,0.3650699928539798,-0.0106,-0.2377,0.3449393251379334,0.05,0.9908,21.5353
True,False,False,ADA-USD,0.1488,50.0,10,550,0.4108545299231985,-0.089,-0.2377,0.22534735896554942,0.05,0.9908,21.5353
True,False,False,ADA-USD,0.0511,100.0,10,550,0.4692487432193283,-0.1866,-0.2377,0.07715846096478071,0.05,0.9908,21.5353
True,False,False,ADA-USD,0.2219,10.0,10,550,0.3680994876786621,-0.0158,-0.2377,0.33689112569297563,0.1,0.9594,20.8522
True,False,False,ADA-USD,0.1459,50.0,10,550,0.41257724869002466,-0.0918,-0.2377,0.2209202915477579,0.1,0.9594,20.8522
True,False,False,ADA-USD,0.0512,100.0,10,550,0.46920107462603233,-0.1865,-0.2377,0.07727830517278989,0.1,0.9594,20.8522
True,False,False,ADA-USD,0.2219,10.0,10,550,0.3681151118734206,-0.0158,-0.2377,0.33684967518960907,0.2,0.9268,20.1444
True,False,False,ADA-USD,0.1486,50.0,10,550,0.41103207382044593,-0.0892,-0.2377,0.2248909014000114,0.2,0.9268,20.1444
True,False,False,ADA-USD,0.0572,100.0,10,550,0.46563742792673635,-0.1805,-0.2377,0.08624097856110353,0.2,0.9268,20.1444
True,False,False,ADA-USD,0.371,10.0,15,525,0.27180554722286476,0.1494,-0.2216,0.6073614069427739,0.0,1.0,14.4713
True,False,False,ADA-USD,0.3111,50.0,15,525,0.30611320702641376,0.0895,-0.2216,0.5068979643801994,0.0,1.0,14.4713
True,False,False,ADA-USD,0.2361,100.0,15,525,0.3511063534536769,0.0146,-0.2216,0.3823352561160902,0.0,1.0,14.4713
True,False,False,ADA-USD,0.371,10.0,15,525,0.27180554722286476,0.1494,-0.2216,0.6073614069427739,0.025,1.0,14.4713
True,False,False,ADA-USD,0.3111,50.0,15,525,0.30611320702641376,0.0895,-0.2216,0.5068979643801994,0.025,1.0,14.4713
True,False,False,ADA-USD,0.2361,100.0,15,525,0.3511063534536769,0.0146,-0.2216,0.3823352561160902,0.025,1.0,14.4713
True,False,False,ADA-USD,0.3718,10.0,15,525,0.271452877921027,0.1502,-0.2216,0.6084248173381838,0.05,0.9946,14.3929
True,False,False,ADA-USD,0.3121,50.0,15,525,0.3055857851906958,0.0905,-0.2216,0.5084018290008537,0.05,0.9946,14.3929
True,False,False,ADA-USD,0.2375,100.0,15,525,0.3503456743101979,0.0159,-0.2216,0.3843873855435837,0.05,0.9946,14.3929
True,False,False,ADA-USD,0.2937,10.0,15,525,0.3112543577487239,0.0721,-0.2216,0.4922979692877099,0.1,0.969,14.0228
True,False,False,ADA-USD,0.2356,50.0,15,525,0.3471495567859204,0.0141,-0.2216,0.39302757686505707,0.1,0.969,14.0228
True,False,False,ADA-USD,0.1631,100.0,15,525,0.39352719501418565,-0.0585,-0.2216,0.2701376082905716,0.1,0.969,14.0228
True,False,False,ADA-USD,0.3518,10.0,15,525,0.2687957488223671,0.1302,-0.2216,0.6164591912178025,0.2,0.9588,13.8754
True,False,False,ADA-USD,0.2947,50.0,15,525,0.30370748947589643,0.0731,-0.2216,0.5137668906214969,0.2,0.9588,13.8754
True,False,False,ADA-USD,0.2232,100.0,15,525,0.3495396102783245,0.0017,-0.2216,0.3865637206247057,0.2,0.9588,13.8754
True,False,False,ADA-USD,0.5882,10.0,20,500,0.17916089566940796,0.3724,-0.2157,0.918567588643594,0.0,1.0,13.3336
True,False,False,ADA-USD,0.5299,50.0,20,500,0.20490544158547208,0.3142,-0.2157,0.824226480961313,0.0,1.0,13.3336
True,False,False,ADA-USD,0.4569,100.0,20,500,0.23995298339646887,0.2412,-0.2157,0.7064538113751364,0.0,1.0,13.3336
True,False,False,ADA-USD,0.5882,10.0,20,500,0.17914874574998996,0.3725,-0.2157,0.918614028850292,0.025,0.9951,13.2689
True,False,False,ADA-USD,0.5303,50.0,20,500,0.20477652816844238,0.3145,-0.2157,0.8246804101760044,0.025,0.9951,13.2689
True,False,False,ADA-USD,0.4576,100.0,20,500,0.23965259433228947,0.2419,-0.2157,0.707420520013958,0.025,0.9951,13.2689
True,False,False,ADA-USD,0.5884,10.0,20,500,0.179088167976017,0.3727,-0.2157,0.9188456027005918,0.05,0.9951,13.2689
True,False,False,ADA-USD,0.5304,50.0,20,500,0.20471039360081922,0.3147,-0.2157,0.8249133488110102,0.05,0.9951,13.2689
True,False,False,ADA-USD,0.4577,100.0,20,500,0.23958006812901578,0.242,-0.2157,0.7076540220858643,0.05,0.9951,13.2689
True,False,False,ADA-USD,0.5781,10.0,20,500,0.1834300604237169,0.3624,-0.2157,0.9023704351904129,0.1,0.9808,13.0776
True,False,False,ADA-USD,0.521,50.0,20,500,0.2090296639539464,0.3053,-0.2157,0.8097927017092785,0.1,0.9808,13.0776
True,False,False,ADA-USD,0.4493,100.0,20,500,0.2437624336736508,0.2336,-0.2157,0.694250915316271,0.1,0.9808,13.0776
True,False,False,ADA-USD,0.3981,10.0,20,500,0.2555939667552247,0.1824,-0.2157,0.6569890869989102,0.2,0.9396,12.5278
True,False,False,ADA-USD,0.3437,50.0,20,500,0.286226334005651,0.1279,-0.2157,0.5644430201946522,0.2,0.9396,12.5278
True,False,False,ADA-USD,0.2755,100.0,20,500,0.32657762144091473,0.0598,-0.2157,0.44938320756219985,0.2,0.9396,12.5278
True,False,True,DOT-USD,0.7236,10.0,1,595,0.08900663111899121,0.1667,-0.5569,1.3468974521426866,0.0,1.0,22.7916
True,False,False,DOT-USD,0.6319,50.0,1,595,0.12110584916623812,0.075,-0.5569,1.1694765139311085,0.0,1.0,22.7916
True,False,False,DOT-USD,0.5171,100.0,1,595,0.17158799195341867,-0.0398,-0.5569,0.9479086049804255,0.0,1.0,22.7916
True,False,True,DOT-USD,0.7231,10.0,1,595,0.08914590240164066,0.1662,-0.5569,1.346033215468023,0.025,0.9984,22.7556
True,False,False,DOT-USD,0.6316,50.0,1,595,0.12121602349986849,0.0747,-0.5569,1.1689294748139274,0.025,0.9984,22.7556
True,False,False,DOT-USD,0.5169,100.0,1,595,0.1716305037996657,-0.0399,-0.5569,0.947741619389421,0.025,0.9984,22.7556
True,False,True,DOT-USD,0.7243,10.0,1,595,0.08878306627355681,0.1675,-0.5569,1.3482868730057518,0.05,0.9943,22.6612
True,False,False,DOT-USD,0.6332,50.0,1,595,0.12061629463275203,0.0763,-0.5569,1.1719115005330676,0.05,0.9943,22.6612
True,False,False,DOT-USD,0.519,100.0,1,595,0.17064555188262043,-0.0378,-0.5569,0.9516173015130821,0.05,0.9943,22.6612
True,False,True,DOT-USD,0.7285,10.0,1,595,0.08771294310578659,0.1717,-0.5569,1.354973857784348,0.1,0.9789,22.31
True,False,False,DOT-USD,0.6388,50.0,1,595,0.11872172011363369,0.0819,-0.5569,1.1814010522298881,0.1,0.9789,22.31
True,False,False,DOT-USD,0.5264,100.0,1,595,0.16739623567356876,-0.0305,-0.5569,0.9645056615301091,0.1,0.9789,22.31
True,False,True,DOT-USD,0.6258,10.0,1,595,0.09716925493958328,0.069,-0.5569,1.2978510894115247,0.2,0.9018,20.5527
True,False,False,DOT-USD,0.544,50.0,1,595,0.13100753206300308,-0.0129,-0.5569,1.121641111816856,0.2,0.9018,20.5527
True,False,False,DOT-USD,0.4415,100.0,1,595,0.18363605453886567,-0.1154,-0.5569,0.901594885156618,0.2,0.9018,20.5527
True,False,False,DOT-USD,0.4481,10.0,5,575,0.20031548550883393,-0.2089,-0.657,0.8404948801588304,0.0,1.0,16.1555
True,False,False,DOT-USD,0.3881,50.0,5,575,0.23392282377360107,-0.2689,-0.657,0.7259887821421617,0.0,1.0,16.1555
True,False,False,DOT-USD,0.313,100.0,5,575,0.279998202843743,-0.344,-0.657,0.5828468460543995,0.0,1.0,16.1555
True,False,False,DOT-USD,0.4491,10.0,5,575,0.19979632333418684,-0.2079,-0.657,0.8423489720590015,0.025,0.9984,16.13
True,False,False,DOT-USD,0.3892,50.0,5,575,0.23330153982345325,-0.2678,-0.657,0.7280171637151929,0.025,0.9984,16.13
True,False,False,DOT-USD,0.3142,100.0,5,575,0.27924315917600684,-0.3427,-0.657,0.585091314951306,0.025,0.9984,16.13
True,False,False,DOT-USD,0.4486,10.0,5,575,0.20004711518825014,-0.2084,-0.657,0.8414529540723412,0.05,0.9984,16.13
True,False,False,DOT-USD,0.3887,50.0,5,575,0.23357732572236634,-0.2683,-0.657,0.7271164025930502,0.05,0.9984,16.13
True,False,False,DOT-USD,0.3137,100.0,5,575,0.27954708540104556,-0.3432,-0.657,0.5841874995250809,0.05,0.9984,16.13
True,False,False,DOT-USD,0.4838,10.0,5,575,0.18155118658640845,-0.1732,-0.657,0.9094694566971945,0.1,0.9709,15.6857
True,False,False,DOT-USD,0.4246,50.0,5,575,0.21312820590709336,-0.2324,-0.657,0.7956140256954245,0.1,0.9709,15.6857
True,False,False,DOT-USD,0.3505,100.0,5,575,0.2567681003690836,-0.3065,-0.657,0.6533414114557323,0.1,0.9709,15.6857
True,False,False,DOT-USD,0.4683,10.0,5,575,0.18894813426846757,-0.1887,-0.657,0.8817791136879652,0.2,0.875,14.136
True,False,False,DOT-USD,0.4148,50.0,5,575,0.21826166351814802,-0.2421,-0.657,0.778077498555754,0.2,0.875,14.136
True,False,False,DOT-USD,0.3479,100.0,5,575,0.25826479595027774,-0.3091,-0.657,0.6487041957299655,0.2,0.875,14.136
True,False,False,DOT-USD,0.382,10.0,10,550,0.24752328438136473,-0.4153,-0.7973,0.6823042776541188,0.0,1.0,20.3038
True,False,False,DOT-USD,0.3029,50.0,10,550,0.29527449062921807,-0.4944,-0.7973,0.538040655359892,0.0,1.0,20.3038
True,False,False,DOT-USD,0.2041,100.0,10,550,0.3595879860748381,-0.5931,-0.7973,0.35956030590426374,0.0,1.0,20.3038
True,False,False,DOT-USD,0.3823,10.0,10,550,0.24734968150662628,-0.415,-0.7973,0.6828535892782095,0.025,0.9945,20.1919
True,False,False,DOT-USD,0.3036,50.0,10,550,0.29482069200805283,-0.4936,-0.7973,0.539355784314713,0.025,0.9945,20.1919
True,False,False,DOT-USD,0.2054,100.0,10,550,0.35874043206024586,-0.5918,-0.7973,0.36182760223079824,0.025,0.9945,20.1919
True,False,False,DOT-USD,0.3823,10.0,10,550,0.24734968150662628,-0.415,-0.7973,0.6828535892782095,0.05,0.9945,20.1919
True,False,False,DOT-USD,0.3036,50.0,10,550,0.29482069200805283,-0.4936,-0.7973,0.539355784314713,0.05,0.9945,20.1919
True,False,False,DOT-USD,0.2054,100.0,10,550,0.35874043206024586,-0.5918,-0.7973,0.36182760223079824,0.05,0.9945,20.1919
True,False,False,DOT-USD,0.3855,10.0,10,550,0.24558941993177041,-0.4118,-0.7973,0.688435079008873,0.1,0.9786,19.8697
True,False,False,DOT-USD,0.3081,50.0,10,550,0.2921113539717939,-0.4892,-0.7973,0.5472271178319802,0.1,0.9786,19.8697
True,False,False,DOT-USD,0.2114,100.0,10,550,0.3547824886893953,-0.5859,-0.7973,0.3724404022434902,0.1,0.9786,19.8697
True,False,False,DOT-USD,0.3908,10.0,10,550,0.24253190837764693,-0.4064,-0.7973,0.6981813044958403,0.2,0.9378,19.0406
True,False,False,DOT-USD,0.3166,50.0,10,550,0.2868639179599831,-0.4807,-0.7973,0.5625698373067712,0.2,0.9378,19.0406
True,False,False,DOT-USD,0.2238,100.0,10,550,0.34656677917163015,-0.5734,-0.7973,0.39460617132699505,0.2,0.9378,19.0406
True,False,False,DOT-USD,0.5555,10.0,15,525,0.1781279422646036,-0.2515,-0.807,0.9225229125440534,0.0,1.0,14.5874
True,False,False,DOT-USD,0.4895,50.0,15,525,0.20976118667426946,-0.3175,-0.807,0.8072501579024606,0.0,1.0,14.5874
True,False,False,DOT-USD,0.4073,100.0,15,525,0.2529278863224095,-0.3997,-0.807,0.6653044692026314,0.0,1.0,14.5874
True,False,False,DOT-USD,0.5556,10.0,15,525,0.17808168292168436,-0.2514,-0.807,0.9227003837033099,0.025,1.0,14.5874
True,False,False,DOT-USD,0.4896,50.0,15,525,0.20970829623512688,-0.3174,-0.807,0.8074338133918975,0.025,1.0,14.5874
True,False,False,DOT-USD,0.4074,100.0,15,525,0.252866541838902,-0.3995,-0.807,0.6654963400799924,0.025,1.0,14.5874
True,False,False,DOT-USD,0.5556,10.0,15,525,0.1780918189047549,-0.2514,-0.807,0.9226614951338201,0.05,0.9958,14.5258
True,False,False,DOT-USD,0.4898,50.0,15,525,0.20957707871961295,-0.3172,-0.807,0.8078895675828969,0.05,0.9958,14.5258
True,False,False,DOT-USD,0.408,100.0,15,525,0.2525302909135648,-0.3989,-0.807,0.6665484881872744,0.05,0.9958,14.5258
True,False,False,DOT-USD,0.5537,10.0,15,525,0.17924183294582063,-0.2533,-0.807,0.9182582754979237,0.1,0.9689,14.1335
True,False,False,DOT-USD,0.4897,50.0,15,525,0.2099311605346752,-0.3172,-0.807,0.8066601290117844,0.1,0.9689,14.1335
True,False,False,DOT-USD,0.4102,100.0,15,525,0.2516802223252399,-0.3968,-0.807,0.6692116987299533,0.1,0.9689,14.1335
True,False,False,DOT-USD,0.5893,10.0,15,525,0.15751347565628304,-0.2176,-0.807,1.0047298485693448,0.2,0.8806,12.846
True,False,False,DOT-USD,0.5312,50.0,15,525,0.18412391681456275,-0.2758,-0.807,0.8997602851439807,0.2,0.8806,12.846
True,False,False,DOT-USD,0.4588,100.0,15,525,0.22058964398746195,-0.3481,-0.807,0.7702033315671949,0.2,0.8806,12.846
True,False,True,DOT-USD,0.8607,10.0,20,500,0.08491124108222725,0.0125,-0.8482,1.3727744302136906,0.0,1.0,9.8273
True,False,True,DOT-USD,0.8131,50.0,20,500,0.09805124908442364,-0.0351,-0.8482,1.2927356648503232,0.0,1.0,9.8273
True,False,False,DOT-USD,0.7536,100.0,20,500,0.11659306991872453,-0.0946,-0.8482,1.1921915656214406,0.0,1.0,9.8273
True,False,True,DOT-USD,0.8604,10.0,20,500,0.08497028160685716,0.0122,-0.8482,1.3723948154845977,0.025,1.0,9.8273
True,False,True,DOT-USD,0.8128,50.0,20,500,0.09811809150586581,-0.0354,-0.8482,1.2923493666785209,0.025,1.0,9.8273
True,False,False,DOT-USD,0.7533,100.0,20,500,0.11667042772339298,-0.0949,-0.8482,1.191796992220531,0.025,1.0,9.8273
True,False,True,DOT-USD,0.8604,10.0,20,500,0.08497028160685716,0.0122,-0.8482,1.3723948154845977,0.05,1.0,9.8273
True,False,True,DOT-USD,0.8128,50.0,20,500,0.09811809150586581,-0.0354,-0.8482,1.2923493666785209,0.05,1.0,9.8273
True,False,False,DOT-USD,0.7533,100.0,20,500,0.11667042772339298,-0.0949,-0.8482,1.191796992220531,0.05,1.0,9.8273
True,False,True,DOT-USD,0.8571,10.0,20,500,0.08613154277026625,0.0089,-0.8482,1.3649680710544962,0.1,0.9839,9.6694
True,False,True,DOT-USD,0.8104,50.0,20,500,0.0991624657840664,-0.0379,-0.8482,1.286338557419978,0.1,0.9839,9.6694
True,False,False,DOT-USD,0.7519,100.0,20,500,0.1175030858063616,-0.0963,-0.8482,1.1875616062822443,0.1,0.9839,9.6694
True,False,True,DOT-USD,0.8717,10.0,20,500,0.08276570994799504,0.0235,-0.8482,1.3867060340421178,0.2,0.9498,9.3337
True,False,True,DOT-USD,0.8266,50.0,20,500,0.09499423294327847,-0.0216,-0.8482,1.3106132337999563,0.2,0.9498,9.3337
True,False,False,DOT-USD,0.7701,100.0,20,500,0.11219048868820614,-0.0781,-0.8482,1.2149609711564806,0.2,0.9498,9.3337
