academic_label,academic_source,keywords,best_pk,best_famille,best_name,score,verdict,"candidates (pk,famille,score)"
Ad hominem,Logic13,"['ad hominem', 'attaque personnelle']",1360,Obstruction,Ad hominem,0.7,DIRECT,"1360(Obstruction,0.70); 1398(Obstruction,0.70); 1338(Obstruction,0.03)"
Appeal to authority,Logic13,"[""argument d'autorité"", 'appeal to authority']",211,Influence,Référencement pléthorique,0.09,PARTIAL,"211(Influence,0.09); 85(Insuffisance,0.08); 940(Tricherie,0.08)"
Appeal to emotion,Logic13,"[""appel à l'émotion"", 'appel aux emotions']",299,Influence,Appel à l’émotion,0.143,PARTIAL,"299(Influence,0.14); 645(Erreur mathématique,0.07); 303(Influence,0.07)"
Bandwagon,Logic13,"['bandwagon', 'appel à la popularité', 'ad populum', 'appel à la bande']",1395,Obstruction,Appel à la bande,0.7,DIRECT,"1395(Obstruction,0.70); 683(Erreur mathématique,0.04); 131(Insuffisance,0.03)"
Causal oversimplification,Logic13,"['causal oversimplification', 'simplification']",135,Insuffisance,Simplification abusive,0.7,DIRECT,"135(Insuffisance,0.70); 707(Erreur de raisonnement,0.03); 720(Erreur de raisonnement,0.02)"
Circular reasoning,Logic13,"['raisonnement circulaire', 'circular']",699,Erreur de raisonnement,Argument circulaire,0.08,PARTIAL,"699(Erreur de raisonnement,0.08); 829(Abus de langage,0.06); 948(Tricherie,0.05)"
Equivocation,Logic13,"['équivoque', 'ambiguïté', 'equivocation']",855,Abus de langage,Equivocation,1.0,DIRECT,"855(Abus de langage,1.00); 360(Influence,0.70); 846(Abus de langage,0.70)"
False analogy,Logic13,"['fausse analogie', 'analogie']",839,Abus de langage,Fausse analogie,0.7,DIRECT,"839(Abus de langage,0.70); 841(Abus de langage,0.70); 797(Erreur de raisonnement,0.08)"
False cause,Logic13,"['fausse cause', 'post hoc', 'faux cause', 'causalité douteuse']",697,Erreur de raisonnement,Causalité douteuse,0.7,DIRECT,"697(Erreur de raisonnement,0.70); 635(Erreur mathématique,0.08); 889(Tricherie,0.07)"
False dilemma,Logic13,"['faux dilemme', 'faux dilemme']",814,Abus de langage,Pensée binaire,0.7,DIRECT,"814(Abus de langage,0.70); 889(Tricherie,0.09); 906(Tricherie,0.06)"
Faulty generalization,Logic13,"['generalisation', 'généralisation']",595,Erreur mathématique,Généralisation abusive,0.7,DIRECT,"595(Erreur mathématique,0.70); 598(Erreur mathématique,0.70); 618(Erreur mathématique,0.70)"
Red herring,Logic13,"['red herring', 'hareng rouge', 'diversion']",1314,Obstruction,Diversion,0.7,DIRECT,"1314(Obstruction,0.70); 1374(Obstruction,0.05); 1327(Obstruction,0.03)"
Slippery slope,Logic13,"['pente glissante', 'slippery slope']",677,Erreur mathématique,Pente glissante,0.7,DIRECT,"677(Erreur mathématique,0.70); 705(Erreur de raisonnement,0.70); 858(Abus de langage,0.70)"
Straw man,Logic13,"['épouvantail', 'straw man', 'homme de paille']",168,Insuffisance,Homme de paille,0.7,DIRECT,"168(Insuffisance,0.70); 894(Tricherie,0.70); 1365(Obstruction,0.70)"
Sunk cost fallacy,Logic13,"['coût irrécupérable', 'coûts irrécupérables', 'sunk cost']",440,Influence,Sophisme des coûts irrécupérables,0.7,DIRECT,"440(Influence,0.70); 1020(Tricherie,0.70); 1151(Tricherie,0.70)"
Appeal to emotion,MAFALDA-L2,"['appeal to emotion', ""appel à l'émotion""]",299,Influence,Appel à l’émotion,0.114,PARTIAL,"299(Influence,0.11); 645(Erreur mathématique,0.07); 303(Influence,0.07)"
Appeal to authority,MAFALDA-L2,"['appeal to authority', ""argument d'autorité""]",211,Influence,Référencement pléthorique,0.09,PARTIAL,"211(Influence,0.09); 85(Insuffisance,0.08); 940(Tricherie,0.08)"
Appeal to nature,MAFALDA-L2,"['appeal to nature', 'appel à la nature']",108,Insuffisance,"Biologizing, The Green Fallacy",0.7,DIRECT,"108(Insuffisance,0.70); 645(Erreur mathématique,0.08); 303(Influence,0.07)"
Appeal to tradition,MAFALDA-L2,"['appeal to tradition', 'appel à la tradition']",104,Insuffisance,Appel à la tradition,0.7,DIRECT,"104(Insuffisance,0.70); 645(Erreur mathématique,0.08); 303(Influence,0.07)"
Appeal to popularity,MAFALDA-L2,"['appeal to popularity', 'ad populum', 'appel à la bande']",1395,Obstruction,Appel à la bande,0.7,DIRECT,"1395(Obstruction,0.70); 645(Erreur mathématique,0.07); 303(Influence,0.07)"
Appeal to values,MAFALDA-L2,"['appeal to values', 'appel aux valeurs']",645,Erreur mathématique,Appel à la probabilité,0.075,NOT_FOUND,"645(Erreur mathématique,0.07); 303(Influence,0.07); 1384(Obstruction,0.07)"
Appeal to fear,MAFALDA-L2,"['appeal to fear', 'appel à la peur']",337,Influence,Appel à la terreur,0.12,PARTIAL,"337(Influence,0.12); 50(Insuffisance,0.08); 466(Influence,0.08)"
Sentimental appeal,MAFALDA-L2,"['sentimental', 'pathétique']",171,Insuffisance,Sophisme pathétique,0.7,DIRECT,"171(Insuffisance,0.70); 645(Erreur mathématique,0.04); 303(Influence,0.04)"
Causal fallacy,MAFALDA-L2,"['causal', 'causalité', 'post hoc']",634,Erreur mathématique,Confusion entre corrélation et causalité,0.7,DIRECT,"634(Erreur mathématique,0.70); 635(Erreur mathématique,0.70); 697(Erreur de raisonnement,0.70)"
False analogy,MAFALDA-L2,"['false analogy', 'fausse analogie']",839,Abus de langage,Fausse analogie,0.7,DIRECT,"839(Abus de langage,0.70); 797(Erreur de raisonnement,0.08); 877(Abus de langage,0.07)"
Slippery slope,MAFALDA-L2,"['slippery slope', 'pente glissante']",677,Erreur mathématique,Pente glissante,0.7,DIRECT,"677(Erreur mathématique,0.70); 705(Erreur de raisonnement,0.70); 858(Abus de langage,0.70)"
Hasty generalization,MAFALDA-L2,"['hasty generalization', 'généralisation hâtive']",598,Erreur mathématique,Généralisation hâtive,0.7,DIRECT,"598(Erreur mathématique,0.70); 759(Erreur de raisonnement,0.05); 1127(Tricherie,0.05)"
Fallacy of composition,MAFALDA-L2,['composition'],622,Erreur mathématique,Sophisme de composition,0.7,DIRECT,"622(Erreur mathématique,0.70); 726(Erreur de raisonnement,0.70)"
Fallacy of division,MAFALDA-L2,['division'],625,Erreur mathématique,Sophisme de division,0.7,DIRECT,"625(Erreur mathématique,0.70); 692(Erreur mathématique,0.70)"
False cause,MAFALDA-L2,"['false cause', 'fausse cause']",797,Erreur de raisonnement,Enthymême invalide,0.086,PARTIAL,"797(Erreur de raisonnement,0.09); 877(Abus de langage,0.08); 903(Tricherie,0.08)"
Fallacy of logic,MAFALDA-L2,['fallacy of logic'],222,Influence,Absurde,0.032,NOT_FOUND,"222(Influence,0.03); 832(Abus de langage,0.03); 750(Erreur de raisonnement,0.03)"
Equivocation,MAFALDA-L2,"['equivocation', 'équivoque', 'ambiguïté']",855,Abus de langage,Equivocation,1.0,DIRECT,"855(Abus de langage,1.00); 360(Influence,0.70); 846(Abus de langage,0.70)"
Fallacy of proportion,MAFALDA-L2,['proportion'],1193,Tricherie,Biais de proportionnalité,0.7,DIRECT,"1193(Tricherie,0.70)"
Red herring,MAFALDA-L2,"['red herring', 'diversion']",1314,Obstruction,Diversion,0.7,DIRECT,"1314(Obstruction,0.70); 1327(Obstruction,0.04); 1374(Obstruction,0.03)"
Straw man,MAFALDA-L2,"['straw man', 'épouvantail', 'homme de paille']",168,Insuffisance,Homme de paille,0.7,DIRECT,"168(Insuffisance,0.70); 894(Tricherie,0.70); 1365(Obstruction,0.70)"
Circular reasoning,MAFALDA-L2,"['circular reasoning', 'raisonnement circulaire']",699,Erreur de raisonnement,Argument circulaire,0.08,PARTIAL,"699(Erreur de raisonnement,0.08); 829(Abus de langage,0.06); 948(Tricherie,0.05)"
Begging the question,MAFALDA-L2,"['begging the question', 'pétition de principe']",183,Influence,Pétition de principe,0.7,DIRECT,"183(Influence,0.70); 698(Erreur de raisonnement,0.70); 703(Erreur de raisonnement,0.70)"
Ad hominem,MAFALDA-L2,"['ad hominem', 'attaque personnelle']",1360,Obstruction,Ad hominem,0.7,DIRECT,"1360(Obstruction,0.70); 1398(Obstruction,0.70); 1338(Obstruction,0.03)"
