instance,identity,method,status,objective,best_bound,gap,wall_time,valid
coursia-toy,11480c70a3adf3d41ff8ab37bcda3860bf8bc8bf318cf841a508f5254035b972,CP-SAT SALBP-1,OPTIMAL,4.0,4.0,0.0,0.007830100017599761,True
coursia-toy,11480c70a3adf3d41ff8ab37bcda3860bf8bc8bf318cf841a508f5254035b972,PuLP/CBC SALBP-1,OPTIMAL,4.0,4.0,0.0,0.07294150002417155,True
coursia-toy,11480c70a3adf3d41ff8ab37bcda3860bf8bc8bf318cf841a508f5254035b972,RPW,HEURISTIC,4.0,,,0.0,True
generated-11,9a228643396f11d3e81bef6aeae0bdce926df8bac84f6498056ce9afe5eab651,CP-SAT SALBP-1,OPTIMAL,4.0,4.0,0.0,0.041808500012848526,True
generated-11,9a228643396f11d3e81bef6aeae0bdce926df8bac84f6498056ce9afe5eab651,PuLP/CBC SALBP-1,OPTIMAL,4.0,4.0,0.0,0.33075260001351126,True
generated-11,9a228643396f11d3e81bef6aeae0bdce926df8bac84f6498056ce9afe5eab651,RPW,HEURISTIC,4.0,,,0.0,True
generated-29,e95aed529a68c39018facd47d87943c48cda29fc01e06bb3e33978b5a298ebd1,CP-SAT SALBP-1,OPTIMAL,4.0,4.0,0.0,0.042367199988802895,True
generated-29,e95aed529a68c39018facd47d87943c48cda29fc01e06bb3e33978b5a298ebd1,PuLP/CBC SALBP-1,OPTIMAL,4.0,4.0,0.0,0.3754121999954805,True
generated-29,e95aed529a68c39018facd47d87943c48cda29fc01e06bb3e33978b5a298ebd1,RPW,HEURISTIC,4.0,,,0.0,True
generated-47,c993ddc974844a909002e38ccb2b501ed84fe639fbe2b34993bed2b4f4c6f76e,CP-SAT SALBP-1,OPTIMAL,4.0,4.0,0.0,0.03369569999631494,True
generated-47,c993ddc974844a909002e38ccb2b501ed84fe639fbe2b34993bed2b4f4c6f76e,PuLP/CBC SALBP-1,OPTIMAL,4.0,4.0,0.0,0.3053111000044737,True
generated-47,c993ddc974844a909002e38ccb2b501ed84fe639fbe2b34993bed2b4f4c6f76e,RPW,HEURISTIC,4.0,,,0.0,True
generated-71,b81fedad52094dbc6867f565bc942c46bd42ed37e76bc4d50e0d2a75275f13a3,CP-SAT SALBP-1,OPTIMAL,4.0,4.0,0.0,0.04218000001856126,True
generated-71,b81fedad52094dbc6867f565bc942c46bd42ed37e76bc4d50e0d2a75275f13a3,PuLP/CBC SALBP-1,OPTIMAL,4.0,4.0,0.0,0.21040069998707622,True
generated-71,b81fedad52094dbc6867f565bc942c46bd42ed37e76bc4d50e0d2a75275f13a3,RPW,HEURISTIC,4.0,,,0.0,True
