month,article_gross,article_netexp,article_ret,article_spy,bab_gross,bab_netexp,bab_ret,bab_spy,spy_gross,spy_netexp,spy_ret,spy_spy
2010-01,0.8238705,0.8238705,-0.0292416,-0.0365219,0.7988657,0.2113541,-0.001209427,-0.0365219,0.8921637,0.8921637,-0.05216195,-0.0365219
2010-02,0.9861902,0.9861902,0.03893683,0.03157307,0.9361455,0.2415462,-0.006813483,0.03157307,0.9970279,0.9970279,0.03147785,0.03157307
2010-03,0.9798389,0.9798389,0.06826029,0.06060148,1.00972,0.2428511,-0.005903493,0.06060148,0.9971916,0.9971916,0.06042429,0.06060148
2010-04,0.9849159,0.9849159,0.05771711,0.01598427,0.9777523,0.2329421,0.0002409615,0.01598427,0.9973062,0.9973062,0.0159402,0.01598427
2010-05,0.9835853,0.9835853,-0.05757123,-0.0792529,0.8967495,0.2170364,0.001380157,-0.0792529,0.9971484,0.9971484,-0.07903782,-0.0792529
2010-06,0.9839657,0.9839657,-0.0453541,-0.0523475,0.8943383,0.2262239,0.01445996,-0.0523475,0.9970433,0.9970433,-0.05219324,-0.0523475
2010-07,0.9848237,0.9848237,0.05257003,0.06830072,0.9459335,0.2239745,-0.004235734,0.06830072,0.9970194,0.9970194,0.06808837,0.06830072
2010-08,0.9914394,0.9914394,-0.03447368,-0.04352952,0.9380011,0.2147392,0.008284865,-0.04352952,0.997061,0.997061,-0.04340281,-0.04352952
2010-09,0.9900608,0.9900608,0.08882432,0.08780396,0.9767964,0.2257356,0.001053898,0.08780396,0.9971408,0.9971408,0.08753678,0.08780396
2010-10,0.9767072,0.9767072,0.03490281,0.03864353,1.017993,0.2190094,0.007337766,0.03864353,0.997271,0.997271,0.03853541,0.03864353
2010-11,0.9771099,0.9771099,0.02228877,-0.0004218341,1.011344,0.2128884,-0.004526505,-0.0004218341,0.997342,0.997342,-0.0004206976,-0.0004218341
2010-12,0.9784302,0.9784302,0.0534461,0.06719683,1.034733,0.206841,-0.0007690838,0.06719683,0.9974303,0.9974303,0.06701572,0.06719683
2011-01,0.9823401,0.9823401,0.005164376,0.02297663,1.02332,0.1982484,-0.002030458,0.02297663,0.9975201,0.9975201,0.02291859,0.02297663
2011-02,0.982822,0.982822,0.03750058,0.03481775,1.01717,0.197292,-0.003194666,0.03481775,0.9975937,0.9975937,0.03473177,0.03481775
2011-03,0.9667074,0.9667074,0.0144193,-0.0004834014,0.9815174,0.2039741,0.01061381,-0.0004834014,0.9975716,0.9975716,-0.0004822477,-0.0004834014
2011-04,0.9830568,0.9830568,0.03178591,0.0304128,0.9877742,0.207249,0.007536718,0.0304128,0.9976207,0.9976207,0.03034018,0.0304128
2011-05,0.9867951,0.9867951,-0.004393329,-0.01208437,0.9752148,0.2063972,-0.001763438,-0.01208437,0.9976414,0.9976414,-0.01205637,-0.01208437
2011-06,0.9792943,0.9792943,-0.02156444,-0.01679611,0.9135598,0.2086516,0.002926538,-0.01679611,0.9975533,0.9975533,-0.01675671,-0.01679611
2011-07,0.9811231,0.9811231,-0.0209632,-0.02212624,0.9149207,0.2113282,-0.003499209,-0.02212624,0.9976275,0.9976275,-0.02207346,-0.02212624
2011-08,0.9871005,0.9871005,-0.05704036,-0.05416505,0.8174117,0.2021907,0.009112096,-0.05416505,0.9973526,0.9973526,-0.05403292,-0.05416505
2011-09,0.9849386,0.9849386,-0.08074156,-0.06803777,0.9115186,0.2022438,0.009522518,-0.06803777,0.997338,0.997338,-0.06786231,-0.06803777
2011-10,0.9888501,0.9888501,0.1053348,0.1085093,1.012693,0.1994057,-0.008590709,0.1085093,0.9973908,0.9973908,0.1082091,0.1085093
2011-11,0.9840249,0.9840249,0.001514904,-0.002710243,1.005627,0.2009847,0.00969576,-0.002710243,0.9974518,0.9974518,-0.002703477,-0.002710243
2011-12,0.9782663,0.9782663,0.01235948,0.00948161,0.9986572,0.1993277,0.005794442,0.00948161,0.9974909,0.9974909,0.009457875,0.00948161
2012-01,0.9822679,0.9822679,0.05675323,0.04549801,1.050184,0.199835,-0.008579064,0.04549801,0.9976013,0.9976013,0.04538518,0.04549801
2012-02,0.9830023,0.9830023,0.04165173,0.04313696,1.065754,0.1983265,-0.001478504,0.04313696,0.9976969,0.9976969,0.04303463,0.04313696
2012-03,0.9837954,0.9837954,0.02430506,0.03263451,1.037661,0.1985549,0.01050829,0.03263451,0.997763,0.997763,0.0325603,0.03263451
2012-04,0.9840048,0.9840048,-0.004652039,-0.006750995,0.9955002,0.2135664,0.01271609,-0.006750995,0.9977656,0.9977656,-0.006736126,-0.006750995
2012-05,0.9784525,0.9784525,-0.05681306,-0.05924018,0.9563211,0.2127517,0.006185296,-0.05924018,0.9976996,0.9976996,-0.05910882,-0.05924018
2012-06,0.9842699,0.9842699,0.03897529,0.04171827,0.9915312,0.2149411,0.003848787,0.04171827,0.9976632,0.9976632,0.04161995,0.04171827
2012-07,0.9874352,0.9874352,-0.006973538,0.01056726,0.9997979,0.2115797,0.003387994,0.01056726,0.9977323,0.9977323,0.01054335,0.01056726
2012-08,0.9678921,0.9678921,0.02208742,0.02563358,1.03701,0.1943047,-0.007813137,0.02563358,0.9978061,0.9978061,0.02557618,0.02563358
2012-09,0.9835412,0.9835412,0.03459408,0.02448398,1.02359,0.2029093,0.007040959,0.02448398,0.9978701,0.9978701,0.02443052,0.02448398
2012-10,0.9841013,0.9841013,-0.01011581,-0.01910651,1.054671,0.2273181,-0.09602723,-0.01910651,0.997869,0.997869,-0.01906579,-0.01910651
2012-11,0.9900188,0.9900188,0.00281846,0.006233178,0.9496192,0.2091091,-0.006759577,0.006233178,0.9978049,0.9978049,0.006219636,0.006233178
2012-12,0.9864553,0.9864553,0.007210877,0.01035239,0.9213686,0.2032276,-0.007870544,0.01035239,0.9978524,0.9978524,0.01033004,0.01035239
2013-01,0.9885149,0.9885149,0.06830396,0.05037889,0.9107389,0.2146743,0.007491377,0.05037889,0.9979355,0.9979355,0.05027123,0.05037889
2013-02,0.9854464,0.9854464,0.01368413,0.01222445,0.8924905,0.2027331,0.006820976,0.01222445,0.9979859,0.9979859,0.01219958,0.01222445
2013-03,0.9809684,0.9809684,0.04382251,0.03776374,0.8979192,0.2070139,0.009232622,0.03776374,0.9980374,0.9980374,0.03768783,0.03776374
2013-04,0.9822185,0.9822185,0.01164307,0.01999361,0.8757405,0.2083811,0.004789082,0.01999361,0.9980663,0.9980663,0.01995488,0.01999361
2013-05,0.9800218,0.9800218,0.01507013,0.02229459,0.9021224,0.1952701,-0.01073131,0.02229459,0.9981505,0.9981505,0.02225225,0.02229459
2013-06,0.9791186,0.9791186,-0.01415682,-0.01458967,0.8764311,0.1979079,0.005774336,-0.01458967,0.9981334,0.9981334,-0.01456257,-0.01458967
2013-07,0.9881094,0.9881094,0.05477842,0.05405912,0.890099,0.196997,0.002075046,0.05405912,0.998186,0.998186,0.0539572,0.05405912
2013-08,0.9875747,0.9875747,-0.01727891,-0.02970473,0.8504129,0.1893135,-0.0004668374,-0.02970473,0.9981978,0.9981978,-0.02965159,-0.02970473
2013-09,0.9978188,0.9978188,0.03815864,0.0322095,0.8499379,0.1899376,0.007735717,0.0322095,0.9982144,0.9982144,0.03215013,0.0322095
2013-10,0.9918651,0.9918651,0.03569015,0.04538965,0.8487951,0.1831228,0.009635532,0.04538965,0.9982496,0.9982496,0.04530858,0.04538965
2013-11,0.9939551,0.9939551,0.0346113,0.02959085,0.8602896,0.1870274,-0.0006587941,0.02959085,0.9983161,0.9983161,0.02954029,0.02959085
2013-12,0.9906612,0.9906612,0.02237262,0.02626878,0.8719226,0.1904703,0.001001013,0.02626878,0.9983419,0.9983419,0.02622518,0.02626878
2014-01,0.990124,0.990124,-0.006049805,-0.03514377,0.8709634,0.1855997,0.0001149431,-0.03514377,0.998362,0.998362,-0.03508693,-0.03514377
2014-02,0.9909032,0.9909032,0.0467338,0.04557189,0.8684641,0.1881444,0.006136671,0.04557189,0.9983532,0.9983532,0.04549551,0.04557189
2014-03,0.9989829,0.9989829,0.003983207,0.00843023,0.866581,0.1781669,0.001774728,0.00843023,0.9984007,0.9984007,0.008416716,0.00843023
2014-04,0.9963947,0.9963947,-0.01600021,0.007431565,0.8473327,0.1821222,0.0003922129,0.007431565,0.9984033,0.9984033,0.007419751,0.007431565
2014-05,0.9973217,0.9973217,0.003903623,0.02228944,0.8479448,0.183011,0.004581879,0.02228944,0.9984265,0.9984265,0.02225427,0.02228944
2014-06,1.000366,1.000366,0.02954158,0.02092531,0.8778195,0.1779923,-0.0001552143,0.02092531,0.9984754,0.9984754,0.02089301,0.02092531
2014-07,1.004644,1.004644,-0.02614959,-0.01343756,0.8452664,0.178723,0.002606348,-0.01343756,0.9985,0.9985,-0.01341725,-0.01343756
2014-08,1.00127,1.00127,0.03406702,0.03946346,0.8351111,0.182156,0.007209965,0.03946346,0.9984896,0.9984896,0.03940298,0.03946346
2014-09,1.00211,1.00211,-0.03284987,-0.01379129,0.826913,0.1783088,0.004202062,-0.01379129,0.9985203,0.9985203,-0.01377095,-0.01379129
2014-10,1.005383,1.005383,0.03652204,0.02355091,0.8114367,0.1909285,0.007381544,0.02355091,0.9984765,0.9984765,0.0235157,0.02355091
2014-11,1.000733,1.000733,0.0176559,0.02747198,0.8651672,0.1930423,0.009462653,0.02747198,0.9985586,0.9985586,0.02743185,0.02747198
2014-12,1.000453,1.000453,0.0130042,-0.00270801,0.8591166,0.1874158,-0.003897577,-0.00270801,0.99857,0.99857,-0.002704159,-0.00270801
2015-01,0.9933653,0.9933653,-0.02091901,-0.02934307,0.8582953,0.1943449,0.006930149,-0.02934307,0.9985559,0.9985559,-0.02930123,-0.02934307
2015-02,0.9950876,0.9950876,0.05305347,0.05609866,0.8835915,0.1944107,0.0004426188,0.05609866,0.9985891,0.9985891,0.05601627,0.05609866
2015-03,0.9970646,0.9970646,0.007064295,-0.01566316,0.8794351,0.193704,0.004054345,-0.01566316,0.9985957,0.9985957,-0.01564138,-0.01566316
2015-04,1.001019,1.001019,-0.005718553,0.0101245,0.8955936,0.1905712,-0.004044138,0.0101245,0.9986059,0.9986059,0.01011019,0.0101245
2015-05,0.9904043,0.9904043,0.01172283,0.01251678,0.8918982,0.1848978,0.0004090796,0.01251678,0.9986192,0.9986192,0.01249928,0.01251678
2015-06,0.9946363,0.9946363,-0.006544299,-0.02021945,0.9031029,0.1857898,-0.0001302858,-0.02021945,0.9986158,0.9986158,-0.02019152,-0.02021945
2015-07,0.996443,0.996443,-0.01536571,0.02258926,0.9404745,0.2019132,-0.05546087,0.02258926,0.9986116,0.9986116,0.02255741,0.02258926
2015-08,0.9989786,0.9989786,-0.04147206,-0.06095012,0.9022227,0.1972173,0.002315735,-0.06095012,0.9985817,0.9985817,-0.06086608,-0.06095012
2015-09,0.9999413,0.9999413,-0.04809314,-0.02548165,0.9285993,0.1921898,0.03149778,-0.02548165,0.9985138,0.9985138,-0.02544424,-0.02548165
2015-10,0.9989617,0.9989617,0.05030966,0.08505975,1.000235,0.1892797,0.00145331,0.08505975,0.9985674,0.9985674,0.08493161,0.08505975
2015-11,0.9971155,0.9971155,0.01363123,0.003655076,0.9913004,0.1786435,-0.01067267,0.003655076,0.9986139,0.9986139,0.003650001,0.003655076
2015-12,0.9869276,0.9869276,-0.03834344,-0.01714742,0.9645818,0.1855849,0.006111595,-0.01714742,0.9986,0.9986,-0.0171237,-0.01714742
2016-01,0.999956,0.999956,-0.06338639,-0.04914415,0.9135684,0.1953707,0.01360245,-0.04914415,0.9985058,0.9985058,-0.04907497,-0.04914415
2016-02,1.000008,1.000008,0.01614419,-0.00159901,0.9668214,0.1927052,0.0008862641,-0.00159901,0.9984937,0.9984937,-0.001596643,-0.00159901
2016-03,0.9969778,0.9969778,0.1052641,0.06746943,1.038444,0.1831168,-0.0008750071,0.06746943,0.99858,0.99858,0.0673694,0.06746943
2016-04,0.9861887,0.9861887,0.01474722,0.003599922,1.041594,0.1843055,-0.009235668,0.003599922,0.9986224,0.9986224,0.003594922,0.003599922
2016-05,0.9954613,0.9954613,0.001806483,0.01832283,1.001055,0.1793552,-0.004451726,0.01832283,0.9986171,0.9986171,0.01829747,0.01832283
2016-06,0.999196,0.999196,0.02200073,0.002578822,1.012333,0.206011,0.01205276,0.002578822,0.9986328,0.9986328,0.002575317,0.002578822
2016-07,1.001364,1.001364,0.03443869,0.03636711,1.049941,0.2071364,-0.0081725,0.03636711,0.9986738,0.9986738,0.0363178,0.03636711
2016-08,0.9976319,0.9976319,0.005464222,0.001335482,1.0408,0.2017502,-0.002395222,0.001335482,0.998696,0.998696,0.001333735,0.001335482
2016-09,0.9920444,0.9920444,0.005870756,-0.0001805167,1.004183,0.1973083,0.001220186,-0.0001805167,0.9986866,0.9986866,-0.0001802808,-0.0001805167
2016-10,0.9941862,0.9941862,-0.0301265,-0.01733703,0.9822908,0.1999574,0.0001253106,-0.01733703,0.9986808,0.9986808,-0.01731438,-0.01733703
2016-11,0.9960794,0.9960794,0.06520982,0.03683839,1.031542,0.2027653,-0.008322742,0.03683839,0.9986928,0.9986928,0.03678941,0.03683839
2016-12,0.9932451,0.9932451,0.02383175,0.02027635,1.041264,0.2039371,0.002128414,0.02027635,0.9987439,0.9987439,0.02025034,0.02027635
2017-01,0.9997029,0.9997029,0.0235497,0.01789469,1.004881,0.2028407,-0.004726273,0.01789469,0.9987613,0.9987613,0.01787219,0.01789469
2017-02,0.9990236,0.9990236,0.02072444,0.03929152,0.9767904,0.2000047,0.004192204,0.03929152,0.9987906,0.9987906,0.039243,0.03929152
2017-03,1.001384,1.001384,0.005491067,0.001279473,0.9233457,0.1978578,0.00433451,0.001279473,0.9988144,0.9988144,0.001277953,0.001279473
2017-04,0.9970356,0.9970356,0.01659268,0.00992619,0.9099861,0.2083132,0.004074114,0.00992619,0.9988116,0.9988116,0.009914409,0.00992619
2017-05,1.002458,1.002458,-0.005563831,0.0141129,0.910144,0.2055271,0.001754941,0.0141129,0.9988311,0.9988311,0.01409632,0.0141129
2017-06,1.001598,1.001598,0.01960284,0.006362447,0.9003331,0.2048025,-0.00096595,0.006362447,0.9988523,0.9988523,0.006355074,0.006362447
2017-07,0.9930477,0.9930477,0.0002991908,0.02055418,0.8685403,0.1919244,-0.006297517,0.02055418,0.9988624,0.9988624,0.02053051,0.02055418
2017-08,0.9886711,0.9886711,-0.004993851,0.002917697,0.8382687,0.1939879,0.002604245,0.002917697,0.9988662,0.9988662,0.002914404,0.002917697
2017-09,0.9907376,0.9907376,0.03532845,0.02012898,0.8596209,0.1920823,0.0006128383,0.02012898,0.9988838,0.9988838,0.02010633,0.02012898
2017-10,0.9903645,0.9903645,0.003289631,0.02356406,0.8343113,0.1895317,0.00598319,0.02356406,0.9989131,0.9989131,0.02353807,0.02356406
2017-11,0.9952936,0.9952936,0.04844502,0.03056582,0.8147036,0.1937122,0.004188629,0.03056582,0.9989296,0.9989296,0.03053288,0.03056582
2017-12,0.9970488,0.9970488,0.01801647,0.01216243,0.8079263,0.1922573,0.001570535,0.01216243,0.9989609,0.9989609,0.01214972,0.01216243
2018-01,0.9985443,0.9985443,0.03918124,0.05635914,0.8127151,0.1951852,0.00801453,0.05635914,0.9990064,0.9990064,0.05630091,0.05635914
2018-02,0.9976771,0.9976771,-0.03715658,-0.03636041,0.7774633,0.190985,-0.006252271,-0.03636041,0.9989813,0.9989813,-0.03632485,-0.03636041
2018-03,0.9958706,0.9958706,0.01213118,-0.02739987,0.9063844,0.2043061,0.009519263,-0.02739987,0.9989817,0.9989817,-0.02737207,-0.02739987
2018-04,0.9987036,0.9987036,0.007767371,0.005168155,0.9829387,0.2071803,0.0006534215,0.005168155,0.9989629,0.9989629,0.005162762,0.005168155
2018-05,1.004657,1.004657,0.03196104,0.0243091,1.044602,0.2141831,0.0001772352,0.0243091,0.998982,0.998982,0.02428386,0.0243091
2018-06,0.9892356,0.9892356,0.02106449,0.005765307,1.065948,0.2010586,0.006529038,0.005765307,0.9990041,0.9990041,0.005759464,0.005765307
2018-07,1.004279,1.004279,0.009076928,0.03704659,1.074624,0.2055942,-0.005450654,0.03704659,0.9990179,0.9990179,0.03700926,0.03704659
2018-08,1.003971,1.003971,0.02210801,0.03191981,1.078892,0.213482,0.005572634,0.03191981,0.9990417,0.9990417,0.03188879,0.03191981
2018-09,1.004166,1.004166,-0.01557004,0.005969625,1.079892,0.2167376,0.001609834,0.005969625,0.9990588,0.9990588,0.005964003,0.005969625
2018-10,1.001839,1.001839,-0.07520923,-0.06910429,1.018409,0.2177879,0.0007763388,-0.06910429,0.999023,0.999023,-0.0690396,-0.06910429
2018-11,0.9975645,0.9975645,0.01172849,0.01854931,1.063381,0.2160081,-2.425815e-05,0.01854931,0.9989991,0.9989991,0.01853066,0.01854931
2018-12,0.9992911,0.9992911,-0.09916497,-0.08804695,1.050668,0.2146365,-0.004410907,-0.08804695,0.9989452,0.9989452,-0.08796003,-0.08804695
2019-01,1.013107,1.013107,0.09224362,0.08006562,1.195016,0.2111679,-0.0093157,0.08006562,0.9989555,0.9989555,0.07997895,0.08006562
2019-02,1.001653,1.001653,0.03232349,0.03241581,1.219489,0.2111855,0.009639371,0.03241581,0.9990152,0.9990152,0.03238332,0.03241581
2019-03,1.002286,1.002286,-0.005012447,0.01810093,1.152293,0.2025235,0.007975194,0.01810093,0.9990351,0.9990351,0.01808335,0.01810093
2019-04,0.9981037,0.9981037,0.02277152,0.04085245,1.146702,0.2094942,-0.004383231,0.04085245,0.9990685,0.9990685,0.04081349,0.04085245
2019-05,1.003008,1.003008,-0.04134925,-0.06377117,1.102702,0.2152991,0.01861454,-0.06377117,0.9990584,0.9990584,-0.06371274,-0.06377117
2019-06,1.009768,1.009768,0.05100715,0.06958514,1.104958,0.2224069,0.001981419,0.06958514,0.9990657,0.9990657,0.06951704,0.06958514
2019-07,1.009707,1.009707,-0.005419983,0.01511945,1.120235,0.2209776,0.007541578,0.01511945,0.9991026,0.9991026,0.01510562,0.01511945
2019-08,1.004071,1.004071,-0.01651178,-0.01674344,1.084661,0.2257833,0.008155888,-0.01674344,0.9990749,0.9990749,-0.01672834,-0.01674344
2019-09,1.008041,1.008041,0.01187492,0.01945671,1.175354,0.2244413,-0.00922035,0.01945671,0.9991012,0.9991012,0.01943887,0.01945671
2019-10,1.005574,1.005574,0.00941137,0.02210466,1.157516,0.2311382,0.001379789,0.02210466,0.9991008,0.9991008,0.02208478,0.02210466
2019-11,0.9956562,0.9956562,0.02864272,0.0361982,1.163704,0.2249216,-0.005569495,0.0361982,0.9991383,0.9991383,0.03616635,0.0361982
2019-12,1.006475,1.006475,0.02750967,0.02905546,1.164359,0.2226568,-0.006697025,0.02905546,0.9991595,0.9991595,0.02903079,0.02905546
2020-01,0.9990863,0.9990863,-0.01041904,-0.0004039023,1.109098,0.2218104,0.01173066,-0.0004039023,0.9991877,0.9991877,-0.0004035691,-0.0004039023
2020-02,1.005347,1.005347,-0.07014327,-0.07916576,1.054156,0.2300084,-0.01283235,-0.07916576,0.9991912,0.9991912,-0.07910041,-0.07916576
2020-03,1.009934,1.009934,-0.1906176,-0.1248729,0.8883682,0.2204953,-0.02408715,-0.1248729,0.9989958,0.9989958,-0.124761,-0.1248729
2020-04,1.011739,1.011739,0.1164915,0.1269835,1.234445,0.2162178,-0.0354637,0.1269835,0.9990338,0.9990338,0.1268535,0.1269835
2020-05,1.009967,1.009967,0.08239215,0.04764528,1.243697,0.2132644,0.01126651,0.04764528,0.9990922,0.9990922,0.04760198,0.04764528
2020-06,1.004999,1.004999,0.05543221,0.01773528,1.226429,0.2190042,0.004120196,0.01773528,0.9991491,0.9991491,0.01771989,0.01773528
2020-07,1.003453,1.003453,0.06566952,0.0588922,1.162883,0.2364,0.03019048,0.0588922,0.9991762,0.9991762,0.058842,0.0588922
2020-08,1.002377,1.002377,0.02681934,0.06979664,1.179459,0.2249376,-0.01606494,0.06979664,0.9992212,0.9992212,0.06974045,0.06979664
2020-09,1.00441,1.00441,-0.01905065,-0.03744299,1.118063,0.2199095,0.000665538,-0.03744299,0.99922,0.99922,-0.03741481,-0.03744299
2020-10,1.003943,1.003943,0.002814129,-0.02493356,1.140995,0.2255097,-0.002003044,-0.02493356,0.9992327,0.9992327,-0.02491407,-0.02493356
2020-11,1.010871,1.010871,0.1447858,0.1087769,1.217647,0.2159568,-0.02182601,0.1087769,0.9992568,0.9992568,0.1086897,0.1087769
2020-12,1.006673,1.006673,0.08992681,0.03704836,1.206895,0.2195779,0.001910326,0.03704836,0.9992902,0.9992902,0.03702156,0.03704836
2021-01,1.004524,1.004524,0.05615172,-0.01019044,1.20447,0.2257318,0.03401846,-0.01019044,0.9993108,0.9993108,-0.01018333,-0.01019044
2021-02,1.00545,1.00545,0.03823869,0.02780555,1.200706,0.2317628,-0.01933671,0.02780555,0.999326,0.999326,0.02778596,0.02780555
2021-03,1.004675,1.004675,0.04786764,0.04539867,1.190426,0.2165932,-0.1032613,0.04539867,0.9993313,0.9993313,0.04536754,0.04539867
2021-04,0.9979066,0.9979066,0.03923334,0.05291045,1.025202,0.2234115,0.004879163,0.05291045,0.9993689,0.9993689,0.05287576,0.05291045
2021-05,0.9988376,0.9988376,0.03756034,0.00656602,0.9525214,0.2203291,-0.001311445,0.00656602,0.9993749,0.9993749,0.00656193,0.00656602
2021-06,0.9983228,0.9983228,-0.0002439298,0.02242714,0.9452031,0.2220697,-0.0007451264,0.02242714,0.9993857,0.9993857,0.02241327,0.02242714
2021-07,0.9975009,0.9975009,-0.005928703,0.02441247,0.889603,0.2221033,0.02059274,0.02441247,0.9994039,0.9994039,0.02439769,0.02441247
2021-08,0.9951483,0.9951483,0.01560441,0.02975987,0.8968415,0.2284613,0.001414438,0.02975987,0.9994164,0.9994164,0.02974229,0.02975987
2021-09,0.9982634,0.9982634,-0.04295029,-0.04660521,0.8953432,0.2206737,-0.007520043,-0.04660521,0.999418,0.999418,-0.04657848,-0.04660521
2021-10,0.9926962,0.9926962,0.1038522,0.07016358,0.8901183,0.2219128,0.01281413,0.07016358,0.9994172,0.9994172,0.07012136,0.07016358
2021-11,0.9743462,0.9743462,0.01666165,-0.008034839,0.8792274,0.2179686,0.008476405,-0.008034839,0.9994457,0.9994457,-0.008030321,-0.008034839
2021-12,0.9920643,0.9920643,0.03415015,0.04624877,0.8402326,0.2172707,0.01877947,0.04624877,0.9994459,0.9994459,0.04622255,0.04624877
2022-01,0.9996948,0.9996948,-0.05837836,-0.05274128,0.8335594,0.2073329,-0.005242571,-0.05274128,0.9994364,0.9994364,-0.05271271,-0.05274128
2022-02,0.9990468,0.9990468,-0.001340164,-0.02951701,0.8580253,0.1999827,-0.01185903,-0.02951701,0.9994192,0.9994192,-0.02950013,-0.02951701
2022-03,0.9963506,0.9963506,0.03101673,0.03759042,0.8906831,0.1983745,0.01260812,0.03759042,0.999412,0.999412,0.03756827,0.03759042
2022-04,1.003133,1.003133,-0.04840086,-0.08776902,0.9086003,0.2089612,0.006533752,-0.08776902,0.9994163,0.9994163,-0.08771917,-0.08776902
2022-05,1.010508,1.010508,0.001314123,0.002257282,0.90786,0.2209232,-0.0007241821,0.002257282,0.9993635,0.9993635,0.002255876,0.002257282
2022-06,1.005035,1.005035,-0.05703321,-0.08246075,0.932228,0.2138082,0.01242645,-0.08246075,0.9993435,0.9993435,-0.08240952,-0.08246075
2022-07,0.994332,0.994332,0.04968088,0.09208748,0.9983873,0.2162281,-0.005388855,0.09208748,0.9993418,0.9993418,0.09202513,0.09208748
2022-08,0.9950321,0.9950321,-0.00849802,-0.04080196,1.073731,0.2139726,-0.008981863,-0.04080196,0.9993855,0.9993855,-0.04077666,-0.04080196
2022-09,1.005224,1.005224,-0.08264127,-0.09244497,1.0221,0.2187088,-0.006035443,-0.09244497,0.9993388,0.9993388,-0.09238522,-0.09244497
2022-10,0.9988536,0.9988536,0.07998788,0.08127555,0.9995786,0.2109447,0.01042313,0.08127555,0.9993124,0.9993124,0.08121767,0.08127555
2022-11,0.9941656,0.9941656,0.03173967,0.05559152,1.086396,0.2123255,0.008657904,0.05559152,0.9993475,0.9993475,0.0555549,0.05559152
2022-12,0.9979564,0.9979564,-0.04484162,-0.05762725,1.061229,0.2289708,0.005151015,-0.05762725,0.9993513,0.9993513,-0.05759129,-0.05762725
2023-01,0.9966983,0.9966983,0.07596745,0.06288733,1.130452,0.2101641,-0.02568135,0.06288733,0.9993563,0.9993563,0.06284569,0.06288733
2023-02,0.9908503,0.9908503,-0.01364822,-0.02514269,1.108844,0.2171709,-0.0008910131,-0.02514269,0.9993786,0.9993786,-0.02512703,-0.02514269
2023-03,0.9890028,0.9890028,-0.01640153,0.03707827,1.026992,0.225736,0.01728257,0.03707827,0.9993606,0.9993606,0.03705458,0.03707827
2023-04,1.00227,1.00227,0.001722569,0.01597499,1.067157,0.2221074,-0.001189163,0.01597499,0.9993856,0.9993856,0.01596514,0.01597499
2023-05,1.006369,1.006369,-0.03209764,0.004616161,1.082763,0.2223765,-0.01780451,0.004616161,0.9993903,0.9993903,0.004613362,0.004616161
2023-06,0.9999421,0.9999421,0.060787,0.06480075,1.085678,0.2174407,-0.008686458,0.06480075,0.9994175,0.9994175,0.06476163,0.06480075
2023-07,0.9963799,0.9963799,0.03444352,0.03273326,1.090479,0.2199187,-0.009775382,0.03273326,0.9994398,0.9994398,0.0327147,0.03273326
2023-08,0.9934871,0.9934871,-0.03490204,-0.01625199,1.030607,0.2270201,0.007052429,-0.01625199,0.9994354,0.9994354,-0.01624307,-0.01625199
2023-09,0.9963694,0.9963694,-0.01208514,-0.04743414,0.9869471,0.2242135,0.01552423,-0.04743414,0.999431,0.999431,-0.04740767,-0.04743414
2023-10,0.9960995,0.9960995,-0.03992632,-0.02170862,0.955785,0.2269634,-0.008557924,-0.02170862,0.999412,0.999412,-0.0216959,-0.02170862
2023-11,0.9907325,0.9907325,0.065217,0.09134385,0.9564427,0.2187155,-0.000579989,0.09134385,0.9994348,0.9994348,0.09128915,0.09134385
2023-12,0.9918605,0.9918605,0.06248805,0.04565547,0.9696907,0.2166355,-0.005697683,0.04565547,0.9994639,0.9994639,0.04563041,0.04565547
2024-01,0.9975278,0.9975278,-0.0137543,0.01592645,0.9134613,0.2187514,0.008728511,0.01592645,0.9994785,0.9994785,0.01591809,0.01592645
2024-02,1.00071,1.00071,0.03508993,0.05218688,0.8945726,0.2215265,-0.003185996,0.05218688,0.9994997,0.9994997,0.05215992,0.05218688
2024-03,1.00407,1.00407,0.02973089,0.03270184,0.8718817,0.2275818,0.002594455,0.03270184,0.9995162,0.9995162,0.03268578,0.03270184
2024-04,1.010669,1.010669,-0.04171873,-0.04031965,0.8315711,0.2257972,0.003506784,-0.04031965,0.9995128,0.9995128,-0.04030048,-0.04031965
2024-05,1.002537,1.002537,0.04098291,0.0505797,0.8385021,0.2310426,0.008203005,0.0505797,0.9995228,0.9995228,0.05055465,0.0505797
2024-06,1.004329,1.004329,-0.001102514,0.0352802,0.8076302,0.229049,-0.0005759613,0.0352802,0.9995394,0.9995394,0.03526356,0.0352802
2024-07,1.001951,1.001951,0.05091688,0.01210907,0.8220461,0.2179518,0.003929037,0.01210907,0.9995506,0.9995506,0.01210356,0.01210907
2024-08,1.002482,1.002482,-0.00211028,0.02336559,0.8149827,0.2309173,0.03477189,0.02336559,0.9995456,0.9995456,0.02335507,0.02336559
2024-09,1.004882,1.004882,0.01631771,0.02100375,0.8430246,0.2299738,-0.02485671,0.02100375,0.9995579,0.9995579,0.02099451,0.02100375
2024-10,1.000848,1.000848,-0.01801624,-0.008923592,0.8586855,0.2259703,-0.006918784,-0.008923592,0.9995721,0.9995721,-0.008919748,-0.008923592
2024-11,1.01121,1.01121,0.04304567,0.05963351,0.8829025,0.2261302,-0.0144059,0.05963351,0.9995809,0.9995809,0.05960759,0.05963351
2024-12,1.013929,1.013929,-0.03424034,-0.02406091,0.8383256,0.2208788,-0.004463903,-0.02406091,0.9995888,0.9995888,-0.02405104,-0.02406091
2025-01,1.01421,1.01421,0.01688914,0.0268564,0.8245239,0.2239219,0.02948876,0.0268564,0.9995859,0.9995859,0.02684511,0.0268564
2025-02,1.011208,1.011208,-0.01453016,-0.01269483,0.8257568,0.2388568,0.01274866,-0.01269483,0.9995913,0.9995913,-0.01268963,-0.01269483
2025-03,1.016636,1.016636,-0.03436157,-0.05572002,0.8116726,0.2493114,0.01695596,-0.05572002,0.9995671,0.9995671,-0.05569693,-0.05572002
2025-04,1.018684,1.018684,-0.01923572,-0.008670159,0.8251616,0.2581783,-0.01423701,-0.008670159,0.9995407,0.9995407,-0.008666352,-0.008670159
2025-05,1.018463,1.018463,0.02203596,0.06284488,1.05969,0.2605857,-0.005772316,0.06284488,0.9995748,0.9995748,0.06281705,0.06284488
2025-06,1.017994,1.017994,0.01168232,0.05138652,1.116072,0.2554295,-0.01522473,0.05138652,0.9995911,0.9995911,0.05136511,0.05138652
2025-07,1.009676,1.009676,0.001842293,0.02303148,1.163386,0.2491401,-0.02250068,0.02303148,0.9996094,0.9996094,0.02302235,0.02303148
2025-08,1.015161,1.015161,0.03428552,0.02051955,1.152393,0.2682279,0.003001143,0.02051955,0.9996166,0.9996166,0.02051161,0.02051955
2025-09,1.01505,1.01505,0.0433463,0.03562055,1.180623,0.2526273,-0.01437256,0.03562055,0.9996269,0.9996269,0.03560703,0.03562055
2025-10,1.034291,1.034291,-0.01992095,0.0238374,1.135068,0.2593798,-0.01972809,0.0238374,0.9996358,0.9996358,0.02382866,0.0238374
2025-11,1.042592,1.042592,0.00381624,0.001949975,1.081583,0.2832758,0.02314443,0.001949975,0.9996367,0.9996367,0.001949277,0.001949975
2025-12,1.04149,1.04149,-0.007584677,0.0007980456,1.12875,0.2830231,0.002629303,0.0007980456,0.9996431,0.9996431,0.0007977605,0.0007980456
2026-01,1.040546,1.040546,0.02939614,0.0147378,1.149063,0.2820271,0.006908111,0.0147378,0.9996471,0.9996471,0.01473254,0.0147378
2026-02,1.046057,1.046057,0.03087618,-0.008641993,1.103182,0.2825165,0.02452196,-0.008641993,0.999646,0.999646,-0.008638952,-0.008641993
2026-03,1.045151,1.045151,-0.0473149,-0.04937965,1.076063,0.2712607,-0.008454357,-0.04937965,0.9996342,0.9996342,-0.04936212,-0.04937965
2026-04,1.045439,1.045439,0.03581774,0.1050527,1.146017,0.2706271,-0.0250423,0.1050527,0.9996478,0.9996478,0.1050135,0.1050527
2026-05,1.049667,1.049667,-0.004745042,0.05262572,0.9947761,0.2559673,-0.01383436,0.05262572,0.9996707,0.9996707,0.05260794,0.05262572
2026-06,1.051295,1.051295,0.03215183,-0.01029315,0.9188901,0.2586715,0.008454605,-0.01029315,0.9996736,0.9996736,-0.01028984,-0.01029315
2026-07,1.062508,1.062508,0.001912864,0.0003481661,0.9061843,0.2687779,0.01887206,0.0003481661,0.9996752,0.9996752,0.0003480532,0.0003481661
