densite,n_modules,seed,n_burns,separations,couloirs,horizon,pond_status,pond_mk,pond_fuel,pond_wall_s,2p_status,2p_mk,2p_fuel,2p_wall_s,2p_mk_certifie,2p_certifie,audit_pond,audit_2p
0.25,16,11,32,25,6,448,OPTIMAL,121,1791,0.07,OPTIMAL/OPTIMAL,121,1791,0.11,True,True,True,True
0.25,16,22,32,24,6,448,OPTIMAL,118,1793,0.04,OPTIMAL/OPTIMAL,118,1793,0.08,True,True,True,True
0.25,16,33,32,32,6,448,OPTIMAL,121,1897,0.04,OPTIMAL/OPTIMAL,121,1897,0.07,True,True,True,True
0.25,32,11,64,109,11,800,OPTIMAL,226,3850,0.29,OPTIMAL/OPTIMAL,226,3850,0.35,True,True,True,True
0.25,32,22,64,124,11,800,OPTIMAL,202,3909,0.08,OPTIMAL/OPTIMAL,202,3909,0.22,True,True,True,True
0.25,32,33,64,116,11,800,OPTIMAL,204,3753,0.11,OPTIMAL/OPTIMAL,204,3753,0.17,True,True,True,True
0.25,64,11,128,497,22,1504,OPTIMAL,382,7346,0.22,OPTIMAL/OPTIMAL,382,7346,0.5,True,True,True,True
0.25,64,22,128,490,22,1504,OPTIMAL,383,7285,0.26,OPTIMAL/OPTIMAL,383,7285,0.38,True,True,True,True
0.25,64,33,128,514,22,1504,FEASIBLE,386,7450,10.05,OPTIMAL/FEASIBLE,386,7449,10.55,True,False,True,True
0.25,90,11,180,975,30,2076,OPTIMAL,518,10289,0.62,OPTIMAL/OPTIMAL,518,10289,1.1,True,True,True,True
0.25,90,22,180,972,30,2076,OPTIMAL,528,10548,0.91,OPTIMAL/OPTIMAL,528,10548,1.52,True,True,True,True
0.25,90,33,180,993,30,2076,OPTIMAL,526,10445,0.48,OPTIMAL/OPTIMAL,526,10445,1.16,True,True,True,True
0.6,16,11,32,63,6,448,OPTIMAL,129,1816,1.06,OPTIMAL/OPTIMAL,129,1816,1.06,True,True,True,True
0.6,16,22,32,65,6,448,OPTIMAL,118,1795,0.04,OPTIMAL/OPTIMAL,118,1795,0.09,True,True,True,True
0.6,16,33,32,76,6,448,OPTIMAL,122,1900,0.06,OPTIMAL/OPTIMAL,122,1900,0.1,True,True,True,True
0.6,32,11,64,285,11,800,FEASIBLE,245,3864,10.02,FEASIBLE/FEASIBLE,244,3867,20.05,False,False,True,True
0.6,32,22,64,274,11,800,FEASIBLE,202,3930,10.02,OPTIMAL/FEASIBLE,202,3930,10.18,True,False,True,True
0.6,32,33,64,268,11,800,OPTIMAL,204,3776,0.21,OPTIMAL/OPTIMAL,204,3776,0.37,True,True,True,True
0.6,64,11,128,1190,22,1504,OPTIMAL,384,7367,0.6,OPTIMAL/OPTIMAL,384,7367,1.15,True,True,True,True
0.6,64,22,128,1184,22,1504,FEASIBLE,383,7314,10.03,OPTIMAL/FEASIBLE,383,7316,10.74,True,False,True,True
0.6,64,33,128,1170,22,1504,FEASIBLE,411,7519,10.08,FEASIBLE/FEASIBLE,401,7425,20.07,False,False,True,True
0.6,90,11,180,2362,30,2076,FEASIBLE,521,10503,10.06,OPTIMAL/FEASIBLE,521,10498,11.6,True,False,True,True
0.6,90,22,180,2351,30,2076,OPTIMAL,531,10455,1.53,OPTIMAL/OPTIMAL,531,10455,3.23,True,True,True,True
0.6,90,33,180,2336,30,2076,OPTIMAL,529,10453,1.66,OPTIMAL/OPTIMAL,529,10453,2.14,True,True,True,True
