id,date,subreddit,kind,title,url,body
dpdh58f,2017-11-05 11:58:01 UTC,fallacy,comment,,,"Well, the name you used, [ad nauseam](https://en.wikipedia.org/wiki/Ad_nauseam), is that of the corresponding fallacy."
dohen9a,2017-10-17 10:08:59 UTC,fallacy,comment,,,You could probably talk of [Enthymeme](https://rationalwiki.org/wiki/Enthymeme) about the missing false premises (e.g. terrorists tend to come from the Mexican border)
dp0ym4s,2017-10-28 22:31:21 UTC,fallacy,comment,,,It does sound like a [secundum quid](https://en.wikipedia.org/wiki/Secundum_quid).
dowts02,2017-10-26 11:33:15 UTC,fallacy,comment,,,"> Is there a name for this this argument of changing what your opponent asked and answering an entirely different question than what they asked?

That would be [Ignoratio elenchi](https://en.wikipedia.org/wiki/Ignoratio_elenchi).

But I would think that unlike for that [previous post of yours](https://www.reddit.com/r/fallacy/comments/762e4n/is_there_any_evidence_to_this_fallacy_being_an/), which I suppose concerned the same kind of dispute, you are the one playing on semantic ambiguity here.
I don't see any particular problem defining a belief as something that requires belief, a leap of faith that is, as opposed to something that is corroborated by evidence and/or deduction.

The theory of evolution started as a hypothesis among many others, and was arguably considered with the appropriate cautiousness by the scientific community in Darwin's times, despite its elegance. However it's been ages that it's been supported by many evidences in paleontology or molecular biology, and it's been actually put to use in engineering, where [genetic algorithms](http://www.talkorigins.org/faqs/genalg/genalg.html) have been successfully applying evolutionary principles to figure out solutions to otherwise unsolved problems.

So in the end, you could argue that any knowledge, apart maybe from Mathematics provided you still ""believe"" in its axioms and rules of inference, is a belief in the sense that your brain has to ""believe"" it without being directly wired to a cheat sheet for the rules of the universe, but to concede no qualitative difference between traditional stories that clearly require that leap of faith, and theories, which were built and refined over time through scrutiny and criticism with the tools of modern science, does sound fallacious to me.

Besides the language play that we're talking of, we could talk of [bad faith](https://en.wikipedia.org/wiki/Bad_faith), or more specifically [selective attention](https://www.logicallyfallacious.com/tools/lp/Bo/LogicalFallacies/159/Selective-Attention), [motivated reasoning](http://skepdic.com/motivatedreasoning.html), [double standard](https://en.wikipedia.org/wiki/Double_standard), [selective thinking](http://skepdic.com/selectiv.html), or [nirvana fallacy](https://en.wikipedia.org/wiki/Nirvana_fallacy)."
djncbga,2017-07-01 15:07:32 UTC,fallacy,comment,,,"Close to ""[tu quoque](https://en.wikipedia.org/wiki/Ad_hominem#Tu_quoque)"" and subtype ""whataboutism"", which are ad hominem attacks to the other party, not necessarily implied here, I think you might be looking for ""[Moral equivalence](http://rationalwiki.org/wiki/Moral_equivalence)"", which is a family with for example as close subtypes ""[Relative privation](https://www.logicallyfallacious.com/tools/lp/Bo/LogicalFallacies/155/Relative-Privation)"", or ""[wicked alternative](http://www.ditext.com/fearnside/36.html)"""
da2qdtf,2016-11-16 14:22:20 UTC,fallacy,comment,,,"I would say [false equivalence](https://en.wikipedia.org/wiki/False_equivalence)
Political support implies sharing opinions, not sharing behavior."
dncw8u1,2017-09-22 15:20:42 UTC,fallacy,comment,,,"Another qualification here would be [Appeal to accomplishment](https://en.wikipedia.org/wiki/Appeal_to_accomplishment), which would probably fit right between the more general argument from authority, and the more specific courtier's reply, within the taxonomy."
dphqkf2,2017-11-07 21:13:39 UTC,fallacy,comment,,,"This is called [Nirvana fallacy](https://en.wikipedia.org/wiki/Nirvana_fallacy), or perfect solution fallacy."
dnmgtmw,2017-09-28 12:59:04 UTC,fallacy,comment,,,"I would agree this is a fallacy related to a faulty generalization, but I think [Secundum quid](https://en.wikipedia.org/wiki/Secundum_quid) is a more appropriate match in both the conservative and the liberal case (rule of thumb vs acceptable exceptions)."
de3768v,2017-02-22 23:45:12 UTC,fallacy,comment,,,"I think you're looking at a case of [Two wrongs make a right](https://fr.wikipedia.org/wiki/Two_wrongs_make_a_right), which has some indeed a taint of ""false equivalence"". "
dldx4dx,2017-08-09 17:01:23 UTC,fallacy,comment,,,Maybe what you're looking for is the [masked man fallacy](https://en.wikipedia.org/wiki/Masked-man_fallacy). What do you think?
dmodfmv,2017-09-07 08:30:43 UTC,fallacy,comment,,,I think this is some kind of gross [genetic fallacy](https://en.wikipedia.org/wiki/Genetic_fallacy) and an [association fallacy](https://en.wikipedia.org/wiki/Association_fallacy).
dob0zn7,2017-10-13 09:10:34 UTC,fallacy,comment,,,"> You were being rudely aggressive and arrogantly presumptuous over a trifle. That's petty.

This is pretty much the impression that YOUR answer gave me.

> You should try to listen more attentively. Not the least reasons being it's polite and courteous. 

...

> You evidently forgot or have never learned some basic facts concerning biology. 

...

> This is extremely doubtful. Your standards for what constitutes 'evidence' seem inadequate to completely lacking. The first claim could only be proven by a language or education deprivation experiment, which besides being immoral, you haven't done, and the second, being a simple truism, doesn't require any.

...

> Doubting the existence of a(n unremarkable) fallacy simply because you couldn't be bothered to remember it's name, is in no way comparable to, nor worthy of the grandeur of 'God Exists'

...

> The only convoluted thing about this is deliberately misconstruing their answers given in good faith; trying to warp them to fit some fallacy, any, because you're deeply invested, already committed to several. It's ok to be wrong. Learning is laudable, but dishonesty's despicable and clinging to ignorance is shameful.

All of this seem full of judgement and unnecessary aggression. In my opinion you haven't followed the [principle of charity](https://en.wikipedia.org/wiki/Principle_of_charity), making unnecessary assumptions.

I see no evidence in /u/[USER_1] narrative that he was the one clinging dishonestly to his belief, while he pretty much suggests that the other person is the one that acted as a fallacy monger (see the [rules of the game](http://www.bargain-storage.com/uploads/9/8/7/4/9874916/attacking.faulty.reasoning.a.practical.guide.to.fallacyfree.arguments.pdf#page=73)). 

You have given an acceptable option for a famous type of fallacies (begging the question) that creationists do commit, but the fact that the other person was ""requested for evidence of this fallacy's existence to which he was never able to provide said evidence"" might suggest he did indeed fail to properly name the fallacy nor provide a clearer explanation besides the ""theory / not theory"" definition, which may seem a bit odd as a way to present it, and it might be that the other person did commit a [definist fallacy](https://en.wikipedia.org/wiki/Definist_fallacy) of some sort."
do98a21,2017-10-12 07:05:26 UTC,fallacy,comment,,,You could also talk of [Anecdotal evidence](https://rationalwiki.org/wiki/Anecdotal_evidence).
dqfpceh,2017-11-28 02:12:36 UTC,fallacy,comment,,,"Well there are a lot of fallacies packed in those cheap memes.

* Appeals to emotions indeed: [ridicule](https://en.wikipedia.org/wiki/Appeal_to_ridicule), [spite](https://en.wikipedia.org/wiki/Appeal_to_spite), [wisdom of repugnance](https://en.wikipedia.org/wiki/Wisdom_of_repugnance), and conversely [flattery](https://en.wikipedia.org/wiki/Appeal_to_flattery) or [moral high ground](https://en.wikipedia.org/wiki/Moral_high_ground#Everyday_use) when invoking the ""right side of history"".
* Then there is indeed also an ad hominem attack here, more specifically of the [ad personam](https://en.wikipedia.org/wiki/Argumentum_ad_personam) type. 
* Then, moving to the attempt at delivering a message, you could talk of an [apex fallacy](https://rationalwiki.org/wiki/Apex_fallacy) and a [straw man](https://en.wikipedia.org/wiki/Straw_man) (""this IS the opposition"").

And I suppose we could find a couple more..."
doqruuk,2017-10-22 23:07:29 UTC,fallacy,comment,,,That could be [appeal to tradition](https://en.wikipedia.org/wiki/Appeal_to_tradition).
dk68bd7,2017-07-13 16:26:14 UTC,fallacy,comment,,,"I feel like there is a component of [right to ought](https://www.logicallyfallacious.com/tools/lp/Bo/LogicalFallacies/157/Rights-To-Ought-Fallacy) fallacy. then Etymological might miss a bit, though it is indeed quite the idea, despite that it is not really the historical etymology it usually implies.

There are elements of [lost contrast](https://www.logicallyfallacious.com/tools/lp/Bo/LogicalFallacies/157/Rights-To-Ought-Fallacy) or [ad dictionarum](http://rationalwiki.org/wiki/Argumentum_ad_dictionarium) on the arbitrary definition, combined to the ambiguity/equivocation akin to [Jingle-Jangle](https://en.wikipedia.org/wiki/Jingle-jangle_fallacies) for the double meaning."
dpq52ol,2017-11-12 22:14:35 UTC,fallacy,comment,,,"Jumping to conclusions is certainly a possibility, then depending on additional context, you may talk of [shifting the burden of proof](https://en.wikipedia.org/wiki/Burden_of_proof_\(philosophy\)#Shifting_the_burden_of_proof), [ argument by scenario](http://www.don-lindsay-archive.org/skeptic/arguments.html#scenario), [alleged certainty](https://www.logicallyfallacious.com/tools/lp/Bo/LogicalFallacies/15/Alleged-Certainty), or [subverted support](https://www.logicallyfallacious.com/tools/lp/Bo/LogicalFallacies/172/Subverted-Support), to point out that there is no questioning of the accusation, or alternatively [confusion of a necessary and a sufficient condition](http://www.bargain-storage.com/uploads/9/8/7/4/9874916/attacking.faulty.reasoning.a.practical.guide.to.fallacyfree.arguments.pdf#page=190), or [modal scope fallacy](https://en.wikipedia.org/wiki/Modal_scope_fallacy), to point out that there is a confusion in what the accusation implies."
dotiv8u,2017-10-24 14:48:24 UTC,fallacy,comment,,,"I would say that from your description, and [your example](https://www.reddit.com/r/fallacy/comments/78csjm/is_this_an_association_fallacy_if_not_what_is_its/dotar9c/), [association fallacy](https://en.wikipedia.org/wiki/Association_fallacy) looks like the best match. You could also talk of [proof by example](https://en.wikipedia.org/wiki/Proof_by_example).

I read /u/[USER_3] objection that this looks like a four terms fallacy, but I would think it can be [reduced](https://en.wikipedia.org/wiki/Fallacy_of_four_terms#Reducing_terms) to the form of an association fallacy, unlike typical fallacies of four terms with equivocations or ambiguous modalities.

Now if you refine your formulation with quantifiers, it could become an [undistributed middle](https://en.wikipedia.org/wiki/Fallacy_of_the_undistributed_middle), and if you focus on the fallacious comparison rather than the logical form instead, you could also talk of [false analogy](https://en.wikipedia.org/wiki/Argument_from_analogy#False_analogy) or [question begging analogy](http://www.fallacyfiles.org/qbanalog.html)."
de3sd0e,2017-02-23 09:25:28 UTC,fallacy,comment,,,"Maybe some of those others could fit part of your situation to a certain extent (note that there might be a combination of fallacies to different extents):

* https://en.wikipedia.org/wiki/Moralistic_fallacy
* https://en.wikipedia.org/wiki/McNamara_fallacy
* https://en.wikipedia.org/wiki/Nirvana_fallacy
* https://en.wikipedia.org/wiki/False_balance  "
dqedp3n,2017-11-27 09:55:46 UTC,fallacy,comment,,,"I would say that [false dilemma](https://en.wikipedia.org/wiki/False_dilemma) sounds indeed like the best match. Now if you get into the details of their views about drugs, you might find that their definition is [too narrow](http://www.onegoodmove.org/fallacy/narrow.htm) and [persuasive](https://en.wikipedia.org/wiki/Persuasive_definition)."
domt70u,2017-10-20 12:23:09 UTC,fallacy,comment,,,"Did you think of posting to /r/changemyview?

You'd have a lot of Redditors both challenging your opinion and scrutinizing each other's responses."
djniqqg,2017-07-01 17:35:28 UTC,fallacy,comment,,,"More than using influence with complex question, I think this is more akin to ad hominem attack, ex-concessis (from commitment) similar to [tu quoque](https://fr.wikipedia.org/wiki/Argumentum_ad_hominem#Tu_quoque). [This article](http://www.dougwalton.ca/papers%20in%20pdf/04historical.pdf) is interesting in distinguishing it from circumstantial ad hominems. 

If adding the circumstantial touch, that is accusing you of [double standard](https://en.wikipedia.org/wiki/Double_standard) favoring Party B, there's innuedo an [appeal to motive](https://en.wikipedia.org/wiki/Appeal_to_motive)."
dqblpvz,2017-11-25 16:55:09 UTC,fallacy,comment,,,"One could say that by assuming your dad implied not cycling 35 km would be no good, you committed [Affirming the consequent](https://en.wikipedia.org/wiki/Affirming_the_consequent): you did not follow the [principle of charity](https://en.wikipedia.org/wiki/Principle_of_charity), by projecting to your father the [false implication](http://skepdic.com/falseimplication.html) that when suggesting a sufficient condition he [insinuated](https://www.thoughtco.com/what-is-an-innuendo-1691175) it is a necessary condition too. 

Then we could about the biases involved or related, for instance [self-blame](https://en.wikipedia.org/wiki/Self-blame_\(psychology\)), [negativity bias](http://skepdic.com/negativitybias.html), [dispositional attribution](https://en.wikipedia.org/wiki/Dispositional_attribution), [fundamental attribution error](https://en.wikipedia.org/wiki/Fundamental_attribution_error) or [mind projection](https://en.wikipedia.org/wiki/Mind_projection_fallacy)."
dnzrvtc,2017-10-06 14:53:26 UTC,fallacy,comment,,,"As /u/[USER_4] noted, there is a missing premise ([enthymeme](https://rationalwiki.org/wiki/Enthymeme)) here, since this looks as an attempt at a syllogism with 2 statements.
So we're left with figuring out what the implicit premise could be.

* You could consider that ""Things that are social constructs may differ between different cultures"" is a correct statement. Then the argument is committing [affirming the consequent](https://en.wikipedia.org/wiki/Affirming_the_consequent) fallacy.

* Similarly one could also argue that ""If all cultures see some concept the same way, it must be biologically grounded"" is correct. Then the argument commits the fallacy of [denying the antecedent](https://en.wikipedia.org/wiki/Denying_the_antecedent).

* Then as per /u/[USER_4] we're left with ""things that different cultures see differently are social constructs."" There are counter-examples to that, so we could stop here with a faulty generalization as per /u/[USER_3].

We could also try to look at the roots for that bad induction.  

* You could talk of a [moralistic fallacy](https://en.wikipedia.org/wiki/Moralistic_fallacy), where if gender is biologically grounded, that would have the unpleasant implication that some cultures might be failing at defining and addressing it according to its universal nature.  In the same vein, you could talk of [proportionality bias](http://skepdic.com/proportionalitybias.html), where one assumes the different views on gender must correspond to different realities, or one could call it a [relativist fallacy](https://en.wikipedia.org/wiki/Relativist_fallacy).

* Then we could address the ambiguous meaning of ""see"" and ""gender"": Since the very definition of gender is usually at stake in such discussions, are we talking of the concept that different cultures have historically defined differently, or of the one that some scientists are currently trying to define universally? Then one could talk of [etymological fallacy](https://en.wikipedia.org/wiki/Etymological_fallacy), [persuasive definition](https://en.wikipedia.org/wiki/Persuasive_definition) or [fallacy of four terms](https://en.wikipedia.org/wiki/Fallacy_of_four_terms) based on an [equivocation](https://en.wikipedia.org/wiki/Equivocation), which here would essentially resolve to some form of [circular reasoning](https://en.wikipedia.org/wiki/Circular_reasoning) or [begging the question](https://en.wikipedia.org/wiki/Begging_the_question)."
dloz30b,2017-08-16 07:41:42 UTC,fallacy,comment,,,"This is indeed quite a frequent fallacy, though I'm not sure if there's a name for it.

Formally, I'd say it relies on a [Secundum Quid](https://en.wikipedia.org/wiki/Secundum_quid) (I'm smart, so I cannot do something that dumb) to build a [Reductio ad Absurdum](http://www.don-lindsay-archive.org/skeptic/arguments.html#reductio) (if it was me, it would imply I'm dumb, which is absurd).

But there is indeed an informal side to it, relying on emotions and prejudice, because it wouldn't work from a complete stranger. 

Maybe some combination of an [appeal to confidence](http://rationalwiki.org/wiki/Appeal_to_confidence) or [invicible authority](http://rationalwiki.org/wiki/Invincible_authority) from the more general [argument from authority](https://en.wikipedia.org/wiki/Argument_from_authority),  and an [argument from incredulity](http://rationalwiki.org/wiki/Argument_from_incredulity), or even [appeal to ridicule](https://en.wikipedia.org/wiki/Appeal_to_ridicule) or some kind of [wishful thinking](https://en.wikipedia.org/wiki/Wishful_thinking)."
dnxpbsi,2017-10-05 09:16:07 UTC,fallacy,comment,,,"I would agree it looks like begging the question, maybe you could talk of [appeal to probability](https://en.wikipedia.org/wiki/Appeal_to_probability) or [false premise](https://en.wikipedia.org/wiki/False_premise) too."
dnix6r2,2017-09-26 10:05:15 UTC,fallacy,comment,,,"That would be [appeal to motive](https://en.wikipedia.org/wiki/Appeal_to_motive) or variations including [intentional fallacy](https://en.wikipedia.org/wiki/Authorial_intent#New_Criticism), [psychogenetic fallacy](http://www.don-lindsay-archive.org/skeptic/arguments.html#psycho), [ad iram](http://rationalwiki.org/wiki/Ad_iram), or even reverse [confusing an explanation and an excuse](https://www.logicallyfallacious.com/tools/lp/Bo/LogicalFallacies/71/Confusing-an-Explanation-with-an-Excuse)."
dlsw2rr,2017-08-18 15:21:43 UTC,fallacy,comment,,,"I think you may try to contact [RationalWiki](http://rationalwiki.org/wiki/Main_Page). If I remember correctly, they included a couple recently proposed ones."
dpdh3da,2017-11-05 11:55:44 UTC,fallacy,comment,,,"Maybe [argument from ignorance](https://en.wikipedia.org/wiki/Argument_from_ignorance) is the one, whose name was escaping you."
doea05u,2017-10-15 13:09:19 UTC,fallacy,comment,,,"I suppose in certain cases, you could talk of [Ultracrepidarianism](https://rationalwiki.org/wiki/Ultracrepidarianism). The article also links to the Dunning-Kruger effect, which /u/[USER_3] mentions."
dlgx6x3,2017-08-11 11:33:19 UTC,fallacy,comment,,,"I believe this is indeed a [faulty generalization](https://en.wikipedia.org/wiki/Faulty_generalization), but more specifically a [Secundum quid](https://en.wikipedia.org/wiki/Secundum_quid), and more specifically a [converse accident](https://en.wikipedia.org/wiki/Converse_accident)."
dmbxqv8,2017-08-30 15:15:36 UTC,fallacy,comment,,,You might be looking for [Loki's Wager](https://en.wikipedia.org/wiki/Loki%27s_Wager)
dmbxlb7,2017-08-30 15:12:48 UTC,fallacy,comment,,,"I think this one can be considered in many ways depending on the perspective. Hope you don't mind the compound answer.

* There are elements of prejudice, namely 
     * [appeal to authority](https://en.wikipedia.org/wiki/Argument_from_authority), or more specifically [appeal to accomplishment](https://en.wikipedia.org/wiki/Appeal_to_accomplishment) (.com does not accomplish as much as .org), 
     * [Moral high ground fallacy](https://en.wikipedia.org/wiki/Moral_high_ground#Everyday_use) or [snobism](https://en.wikipedia.org/wiki/Snob), or [elitism](https://en.wikipedia.org/wiki/Elitism) (.coms are not part of the respectable .org community)
     * [Style over substance](https://rationalwiki.org/wiki/Style_over_substance) (Look at that nice .org URL, regardless of the actual content)
* Then there is  [genetic](https://en.wikipedia.org/wiki/Genetic_fallacy) side to it, judging the origin of the sources than their content, combined with an [association fallacy](https://en.wikipedia.org/wiki/Association_fallacy) (there are bad .com domains)
* You can add an [appeal to emotion](https://en.wikipedia.org/wiki/Appeal_to_emotion), namely [appeal to ridicule](https://en.wikipedia.org/wiki/Appeal_to_ridicule) or [appeal to spite](https://en.wikipedia.org/wiki/Appeal_to_spite), with the ""High school research"" mention.
* Finally, you could look at the pure mathematical and logical sides to it, with a bad generalization, namely a [secundum quid](https://en.wikipedia.org/wiki/Secundum_quid) (credible sources are generally hosted on .org domains, but there are exceptions). On that side, I suppose you could find others in those categories too."
dnsn7lm,2017-10-02 11:12:37 UTC,fallacy,comment,,,"I think you have the issue every time a political agenda is thrown into a scientific debate, that is, with pretty much all social science, and even a good bunch of harder sciences.

There are many ways studies can be biased, typically with various forms of [sampling bias](https://en.wikipedia.org/wiki/Sampling_bias), and politically oriented result would usually rest on some kind of [selective attention](https://www.logicallyfallacious.com/tools/lp/Bo/LogicalFallacies/159/Selective-Attention).
Here are a bunch of related fallacies and biases, that people will either commit or throw at each other in such debates:

* [Motivated reasoning](http://skepdic.com/motivatedreasoning.html)
* [Double Standard](https://en.wikipedia.org/wiki/Double_standard)
* [Special pleading](https://en.wikipedia.org/wiki/Special_pleading) 
* [Demand for special consideration](http://www.ditext.com/fearnside/33.html)
* [Mental reservation](https://en.wikipedia.org/wiki/Mental_reservation)
* [One sidedness](http://www.fallacyfiles.org/onesided.html)
* [Ignoring the counterevidence](http://www.bargain-storage.com/uploads/9/8/7/4/9874916/attacking.faulty.reasoning.a.practical.guide.to.fallacyfree.arguments.pdf#page=208)
* [Bad faith](https://en.wikipedia.org/wiki/Bad_faith)
* [Selective thinking](http://skepdic.com/selectiv.html)
* [Selective reading](http://www.don-lindsay-archive.org/skeptic/arguments.html#selective_reading)
* [Omission of key evidence](http://www.bargain-storage.com/uploads/9/8/7/4/9874916/attacking.faulty.reasoning.a.practical.guide.to.fallacyfree.arguments.pdf#page=186)
* [Confirmation bias](http://skepdic.com/confirmbias.html)
* [Scotomization](https://en.wikipedia.org/wiki/Scotomization)
* [Publication bias](https://en.wikipedia.org/wiki/Publication_bias)
* [White hat bias](https://en.wikipedia.org/wiki/White_hat_bias)
* [Experimenter effect](http://skepdic.com/experimentereffect.html)
* [Inattentional blindness](http://skepdic.com/inattentionalblindness.html)

In the case of genders debate, I believe one key event was the release of documentary [Brainwash](https://en.wikipedia.org/wiki/Hjernevask), where heads of gender studies department in Norway were interviewed and pretty much confessed to conducting politically oriented studies, which the author proceeded to confront with other scientific approaches.
That is I believe when LGBT opponents started talking of ""gender theory"" and painting ""queer science"" as an epitome for bad science. But they would usually themselves invoke studies, which were also criticized for sampling bias (e.g homosexual with children, not accounting for the many broken marriages that lead to those situations)."
dk65o1b,2017-07-13 15:40:42 UTC,fallacy,comment,,,"there are several related fallacies, depending on the angle you want to insist on:

* [Nadir Fallacy](http://rationalwiki.org/wiki/Apex_fallacy) is pretty factual, and only sees the imprecision in the inductive argument by selecting edge cases. There is no intentionality implied so it could be simply a mistake, in which case you may look for the causes with for example the [negativity bias](http://skepdic.com/negativitybias.html).

* Now [motivated reasoning](http://skepdic.com/motivatedreasoning.html) may be implied if it is not just a mistake. That includes variations such as  [double standard](https://en.wikipedia.org/wiki/Double_standard), [special pleading](https://en.wikipedia.org/wiki/Special_pleading), [one sidedness](http://www.fallacyfiles.org/onesided.html) or [selective thinking](http://skepdic.com/selectiv.html)

* Finally if it looks like alternate positions were properly explained, and this is just desperately holding to a core belief, if may be [ad-hoc rescue](https://www.logicallyfallacious.com/tools/lp/Bo/LogicalFallacies/8/Ad-Hoc-Rescue) or [Nirvana fallacy](https://en.wikipedia.org/wiki/Nirvana_fallacy) as a diversion, or even [appeal to fear](https://en.wikipedia.org/wiki/Appeal_to_fear) with the goal of influencing the audience.

For example: the politician releasing the statement purely for a strategic purpose might fall in the 3rd category, the sympathizer repeating it, while thinking he's in his right, but trying to make a point, would fall in the 2nd, and the bystander repeating the argument without knowing more in the 1st."
dop1e27,2017-10-21 21:05:39 UTC,fallacy,comment,,,[Hypercritical](http://www.dictionary.com/browse/hypercritical) attitude or [method](https://fr.wikipedia.org/wiki/M%C3%A9thode_hypercritique) (couldn't find the English translation) is definitely some kind of known red herring fallacy too. You can also talk of [trivial objections](http://www.bargain-storage.com/uploads/9/8/7/4/9874916/attacking.faulty.reasoning.a.practical.guide.to.fallacyfree.arguments.pdf#page=219) and it's got [a paragraph in the art of being right](https://en.wikisource.org/wiki/The_Art_of_Being_Right#Defense_Through_Subtle_Distinction).
dqi4upf,2017-11-29 13:00:33 UTC,fallacy,comment,,,"I believe there's a lot that could be said about those few words, depending on the context. Here's an attempt at a hierarchic categorization of them, with some overlap obviously:

*  First there are elements of slothful argumentation, with 
    * some kind of  [ad-hoc rescue](https://www.logicallyfallacious.com/tools/lp/Bo/LogicalFallacies/8/Ad-Hoc-Rescue) through [appeal to fiction](https://rationalwiki.org/wiki/Appeal_to_fiction) or  [argument by scenario](http://www.don-lindsay-archive.org/skeptic/arguments.html#scenario)
    * [Prejudice](https://en.wikipedia.org/wiki/Prejudice), with some kind of [Psychologist's fallacy](https://en.wikipedia.org/wiki/Psychologist%27s_fallacy)
   * [overintepretation](https://en.wiktionary.org/wiki/overinterpretation), with [oversimplification](http://www.don-lindsay-archive.org/skeptic/arguments.html#reductive), [appeal to motive](https://en.wikipedia.org/wiki/Appeal_to_motive), [psychogenetic fallacy](http://www.don-lindsay-archive.org/skeptic/arguments.html#psycho) or indeed [argument from fallacy](http://www.fallacyfiles.org/fallfall.html).
* Then there is some attempt at influencing the audience, using
   * [rhetorical devices](https://en.wikipedia.org/wiki/Rhetorical_device), such as [judgmental language](https://en.wikipedia.org/wiki/Judgmental_language), [caricature](https://en.wikipedia.org/wiki/Caricature), [sarcasm](https://en.wikipedia.org/wiki/Sarcasm)
   * [Appeal to emotion](https://en.wikipedia.org/wiki/Appeal_to_emotion), namely [guilt](https://en.wikipedia.org/wiki/Appeal_to_emotion#Guilt) or [ridicule](https://en.wikipedia.org/wiki/Appeal_to_ridicule) or [induced exaggeration](https://en.wikisource.org/wiki/The_Art_of_Being_Right#Make_Him_Exaggerate_his_Statement)
   *  [Psychological manipulation](https://en.wikipedia.org/wiki/Psychological_manipulation), through [reframing](https://en.wikipedia.org/wiki/Methods_of_neuro-linguistic_programming#Reframing), [swish](https://en.wikipedia.org/wiki/Methods_of_neuro-linguistic_programming#Swish), [induced hypocrisy](http://www.academia.edu/2023560/Being_together_in_a_situation_of_induced_hypocrisy), [disruption](https://en.wikipedia.org/wiki/Compliance_gaining#Disrupt-then-reframe_.28DTR.29).
* Then obstructing through
   * Refusal to debate with [Unfalsifiability](https://www.logicallyfallacious.com/tools/lp/Bo/LogicalFallacies/178/Unfalsifiability), [pigheadedness](http://www.don-lindsay-archive.org/skeptic/arguments.html#dogged)
   * [Ad hominem](https://en.wikipedia.org/wiki/Ad_hominem), namely [genetic fallacy](https://en.wikipedia.org/wiki/Genetic_fallacy), a [straw man](https://en.wikipedia.org/wiki/Straw_man), and [ex concessis](http://www.dougwalton.ca/papers%20in%20pdf/04historical.pdf) by making [false propositions](https://en.wikisource.org/wiki/The_Art_of_Being_Right#False_Propositions)
* Changing the rules of the debate, through
    * Arranging the truth with an [exaggeration](https://en.wikipedia.org/wiki/Exaggeration)
   * lowering the bar, with a [notable effort](https://www.logicallyfallacious.com/tools/lp/Bo/LogicalFallacies/137/Notable-Effort) (Trump's effort)
    * biases such as [reactive devaluation](https://en.wikipedia.org/wiki/Reactive_devaluation), [dispositional attribution](https://en.wikipedia.org/wiki/Dispositional_attribution)
* Using biased language with:
    * A fallacious comparison: an [association fallacy](https://en.wikipedia.org/wiki/Association_fallacy) or a [question-begging analogy](http://www.fallacyfiles.org/qbanalog.html)
   * Narrative Ambiguity through a [false implication](http://skepdic.com/falseimplication.html) (He could have such merits)
* Manipulating quantities:
   * Fallacious regression through [Post-designation](https://www.logicallyfallacious.com/tools/lp/Bo/LogicalFallacies/142/Post-Designation) (so much disagreement has to be a conspiracy)
   * [Imprecision](http://www.fallacyfiles.org/vaguenes.html) through [inflation of conflict](https://www.logicallyfallacious.com/tools/lp/Bo/LogicalFallacies/113/Inflation-of-Conflict) (you have to grant his team some credibility)

Well maybe not all of those would fit directly without additional context, but I think it suggests the main directions and intents for those kinds of arguments."
djngbw6,2017-07-01 16:41:06 UTC,fallacy,comment,,,"""[Style over substance](https://www.logicallyfallacious.com/tools/lp/Bo/LogicalFallacies/170/Style-Over-Substance)"" is probably more on point, with subtypes ""[Argument from beauty](http://rationalwiki.org/wiki/Argument_from_beauty)"", and ""[Rights to ought](https://www.logicallyfallacious.com/tools/lp/Bo/LogicalFallacies/157/Rights-To-Ought-Fallacy)"" I believe."
dla07t2,2017-08-07 10:40:32 UTC,fallacy,comment,,,"I would say this is some kind of [hedging](https://www.logicallyfallacious.com/tools/lp/Bo/LogicalFallacies/102/Hedging) or [Post disputation argument](https://en.wikipedia.org/wiki/Post_disputation_argument) (considering it is a form of revising the claims). 

It might also be considered an [Escape hatch](http://rationalwiki.org/wiki/Escape_hatch) or an [optional stop](http://skepdic.com/opstart.html) (pointing at the general strategy of keeping the option to bail out). 

Both are some form of ""[having your cake](https://www.logicallyfallacious.com/tools/lp/Bo/LogicalFallacies/101/Having-Your-Cake)""."
dnxp2t2,2017-10-05 09:04:00 UTC,fallacy,comment,,,"There is some kind of [shifting of the burden of Proof](https://www.logicallyfallacious.com/tools/lp/Bo/LogicalFallacies/222/Shifting-of-the-Burden-of-Proof) here, maybe formulated as [alleged certainty](https://www.logicallyfallacious.com/tools/lp/Bo/LogicalFallacies/15/Alleged-Certainty) in order to [cover-up](https://en.wikipedia.org/wiki/Cover-up)."
dmq02ge,2017-09-08 07:29:00 UTC,fallacy,comment,,,"Great in depth analysis. Here's my wrap up : 

IMHO there are 3 components to it, and as you noted, it is different if the argument is not yet committed to, or if conversely it is for instance an attempt to [persuade the audience and not the opponent](https://en.wikisource.org/wiki/The_Art_of_Being_Right#Persuade_the_Audience.2C_Not_The_Opponent):

* There are elements of prejudice/slothful argumentation: one could point to [alleged certainty](https://www.logicallyfallacious.com/tools/lp/Bo/LogicalFallacies/15/Alleged-Certainty), [appeal to the stone](https://en.wikipedia.org/wiki/Appeal_to_the_stone), or [moral high ground](https://en.wikipedia.org/wiki/Moral_high_ground#Everyday_use).
* Then there is an attempt to influence the opponent or the audience, namely with [emotions](https://en.wikipedia.org/wiki/Appeal_to_emotion): one could talk of an appeal[ to spite](https://en.wikipedia.org/wiki/Appeal_to_spite), [to shame](http://rationalwiki.org/wiki/Appeal_to_shame), or even [to consequences](https://en.wikipedia.org/wiki/Appeal_to_consequences) (""do you really want to be labeled insane?"")
* Finally there is indeed an attempt to block the debate as you justly highlighted with an attempt to [Poison the well](https://en.wikipedia.org/wiki/Poisoning_the_well), a [thought therminating cliché](https://en.wikipedia.org/wiki/Clich%C3%A9#Thought-terminating_clich.C3.A9) (which can also be considered as a [rhetorical device](https://en.wikipedia.org/wiki/Rhetorical_device) to convey influence), and maybe an [association fallacy](https://en.wikipedia.org/wiki/Association_fallacy) (this is the kind of thing that insane people would believe, and you cannot trust their judgment)."
dofs8g2,2017-10-16 11:21:13 UTC,fallacy,comment,,,"I would say that it sounds like [Bulverism](https://en.wikipedia.org/wiki/Bulverism). It might be that the speculation holds some truth, but to take it for granted without ad-hoc evidence clearly is fallacious. 

Accordingly, depending how you look at it, you could talk of [Ad hominem Circumstantiæ](https://fr.wikipedia.org/wiki/Argumentum_ad_hominem#Circumstanti.C3.A6), [Appeal to motive](https://en.wikipedia.org/wiki/Appeal_to_motive), [Ad iram](https://rationalwiki.org/wiki/Ad_iram), [psychogenetic fallacy](http://www.don-lindsay-archive.org/skeptic/arguments.html#psycho), and invoke [ultimate attribution error](https://en.wikipedia.org/wiki/Ultimate_attribution_error) or [Hanlon's razor](https://rationalwiki.org/wiki/Hanlon%27s_razor)."
dlgxau1,2017-08-11 11:36:51 UTC,fallacy,comment,,,"That's neat, thank you Bot :-)"
domunfk,2017-10-20 12:59:03 UTC,fallacy,comment,,,"It does look indeed like a [probabilistic fallacy](http://www.fallacyfiles.org/probfall.html), and more specifically a [conditional probability fallacy](https://en.wikipedia.org/wiki/Conditional_probability#Common_fallacies), but as /u/[USER_3] I am not sure about pointing to the [base rate fallacy](https://en.wikipedia.org/wiki/Base_rate_fallacy), even though it is definitely has to do with base rates. 

I think I would point to [Confusion of the inverse](https://en.wikipedia.org/wiki/Confusion_of_the_inverse) instead: suggesting that the probability of being shot by the police as a black person is lower than the probability of being shot as a white person because for someone being shot, the probability of being black is lower than the probability of being white. "
dn0n13v,2017-09-14 22:54:45 UTC,fallacy,comment,,,"Don't want to upset you, and I know nothing of NFL for that matters.
Anyway, I think you got downvoted because of the content of your post as well as its form:

* First about the content itself: I'd say you have put a lot of effort dissecting a single pretty remote past event, and arguing from it  for a change in the rules. In most sports, people would probably expect that you try instead to collect several instances of similar problematic referee mistakes, allowing for a stronger [inductive reasoning](https://en.wikipedia.org/wiki/Inductive_reasoning) to support your conclusion.
* Then the overall style of your post and further complaints probably sounds a bit arrogant and confrontational. People don't like to be told what to think, and you need to use diplomacy. Complaining about downvotes usually hardly helps. I would suggest you give a look at ""[the rules of the fallacy game](http://www.bargain-storage.com/uploads/9/8/7/4/9874916/attacking.faulty.reasoning.a.practical.guide.to.fallacyfree.arguments.pdf#page=73)"" in order to obtain better results next time.

Good luck"
dit39gz,2017-06-12 18:53:42 UTC,fallacy,comment,,,"> ""get the H out of this forum if you're going to shit your pants just because I'm talking to your family member""

[Appeal to motive](https://en.wikipedia.org/wiki/Appeal_to_motive) is the main one a /u/[USER_3] noted, but I believe there is more here, at least [a straw man](https://en.wikipedia.org/wiki/Straw_man) and [prejudicial language](https://www.logicallyfallacious.com/tools/lp/Bo/LogicalFallacies/143/Prejudicial-Language)."
dnauvfu,2017-09-21 09:28:13 UTC,fallacy,comment,,,"As others have noted, there are several aspects to this argument:

* First in terms of logic: You justly remarked that one can discuss the actual causation: There might be a case of [Causalation](https://en.wikipedia.org/wiki/Correlation_does_not_imply_causation) or [causal reductionism](https://www.logicallyfallacious.com/tools/lp/Bo/LogicalFallacies/64/Causal-Reductionism), where psychological harm comes from other reasons: nonacceptance of society as you pointed, or prevalence of family issues / traumatic situations as /u/[USER_4] pointed. 
* In the latter case, one can look at the pure statistical side of it with a [biased sample](https://en.wikipedia.org/wiki/Sampling_bias) in the studies supporting the argument, questioning the numbers supporting the induction rather than the logical form itself.
* The former case could also be attributed to [psychological projection](https://en.wikipedia.org/wiki/Psychological_projection), where avoiding to consider the nonacceptance issue could be a case of [victim blaming](https://en.wikipedia.org/wiki/Victim_blaming).
* Then there are some elements of [deontic modality](http://www.fallacyfiles.org/modalfal.html) involved in the state's responsibility regarding to decreasing harm and its consequences in terms of marriage law. Preventing women to go outside or mandating them to cover themselves would reduce cases of harassment as some people do actually suggest, where obviously this is not the appropriate action one could expect from a modern state. One could talk of a missing premise and a [quaternio terminorum](https://en.wikipedia.org/wiki/Fallacy_of_four_terms) regarding how to translate ""harm reduction"" in terms of law, and as /u/[USER_4] justly pointed, this might be conversely a case to strengthen the legal situation of the parents, hence promoting gay marriage."
de37qc0,2017-02-22 23:57:18 UTC,fallacy,comment,,,Maybe [Argumentum ad lapidem](https://en.wikipedia.org/wiki/Argumentum_ad_lapidem) is a broad characterization?
dpqfkw7,2017-11-13 01:40:56 UTC,fallacy,comment,,,"Appeal to tradition could be a possibility. You would also talk of [argument for ignorance](https://en.wikipedia.org/wiki/Argument_from_ignorance) or [argument from omniscience](https://rationalwiki.org/wiki/Argument_from_omniscience), to point to a slothful deduction, or alternatively to a [secundum quid](https://en.wikipedia.org/wiki/Secundum_quid) or some sort of [probabilistic fallacy](http://www.fallacyfiles.org/probfall.html) to point to a slothful induction/generalization."
dit2eab,2017-06-12 18:38:21 UTC,fallacy,comment,,,How about [argument of the beard](https://www.logicallyfallacious.com/tools/lp/Bo/LogicalFallacies/58/Argument-of-the-Beard)?
dldusj5,2017-08-09 16:22:06 UTC,fallacy,comment,,,"It seems to me your friend was going about your second guess, which seems fine to me (I mean that's debatable, but not your point). 
The property is not the same as the one used to classify, and your friend makes the point that there is correlation from one way causation between those properties.

Now if you mean he excluded that introvert can be predictable and or extraverts unpredictable, thus as a way to redefine the classification, then there are a whole lot of logical fallacies dealing with how he might falsely apply causal relations or define the related logical sets, but then we'd need more information on the new claims he made."
dh651j8,2017-05-05 15:49:59 UTC,fallacy,comment,,,"I think moral equivalence may be at play as /u/[USER_3] suggested, but you might also consider those considering what you are looking for:

* https://en.wikipedia.org/wiki/Nirvana_fallacy
* https://en.wikipedia.org/wiki/False_dilemma
* https://en.wikipedia.org/wiki/Suppressed_correlative 
* https://en.wikipedia.org/wiki/Argumentum_ad_populum
* https://www.logicallyfallacious.com/tools/lp/Bo/LogicalFallacies/37/Appeal-to-Normality
* https://www.logicallyfallacious.com/tools/lp/Bo/LogicalFallacies/194/Appeal-to-Closure
* https://en.wikipedia.org/wiki/Drinking_the_Kool-Aid
* https://www.logicallyfallacious.com/tools/lp/Bo/LogicalFallacies/155/Relative-Privation"
dnmtrar,2017-09-28 17:02:48 UTC,fallacy,comment,,,"Talking of fallacies, I think you might be looking for a [fallacy of four terms](https://en.wikipedia.org/wiki/Fallacy_of_four_terms), based on an [equivocation](https://en.wikipedia.org/wiki/Equivocation) on the meaning of regret as /u/[USER_4] suggested. 

Maybe you're hinting at a [regret vs remorse](https://www.psychologytoday.com/blog/stop-caretaking-the-borderline-or-narcissist/201507/regret-vs-remorse) issue."
dnix8ys,2017-09-26 10:08:13 UTC,fallacy,comment,,,I would say it sounds like a [Just in case fallacy](https://www.logicallyfallacious.com/tools/lp/Bo/LogicalFallacies/116/Just-In-Case-Fallacy)
dlvmxa0,2017-08-20 11:52:40 UTC,fallacy,comment,,,"Depending on how you look at it, you might be looking for one of those: [association fallacy](https://en.wikipedia.org/wiki/Association_fallacy), [undistributed middle](https://en.wikipedia.org/wiki/Fallacy_of_the_undistributed_middle) or [Correlation does not imply causation](https://en.wikipedia.org/wiki/Correlation_does_not_imply_causation)."
dloz9sq,2017-08-16 07:49:29 UTC,fallacy,comment,,,"I think [moral equivalence](http://rationalwiki.org/wiki/Moral_equivalence) might be what you are looking for, as the general form of the fallacy, or [wronger than wrong](https://en.wikipedia.org/wiki/Wronger_than_wrong) and [false balance](https://en.wikipedia.org/wiki/False_balance), in order to pinpoint the issue in this specific case."
dpdgwdm,2017-11-05 11:47:02 UTC,fallacy,comment,,,I believe [subverted support](https://www.logicallyfallacious.com/tools/lp/Bo/LogicalFallacies/172/Subverted-Support) corresponds to your description.
df0uvoy,2017-03-16 21:10:23 UTC,fallacy,comment,,,"I would say maybe one of those 2:

https://en.wikipedia.org/wiki/Base_rate_fallacy

https://en.wikipedia.org/wiki/Prosecutor%27s_fallacy"
djdjzhh,2017-06-25 13:00:50 UTC,fallacy,comment,,,"A lot of threads in this sub are of type ""what is the fallacy here that I can't name?"", and OPs tend usually to be happy with simple ""look this one up"" type answers.

Now we can agree that greater answers include ones with explanations on how it applies, related analogies and ideally what to respond.
> ""This sub has a few pedants""

We can also agree that this is unnecessarily attaching judgement and spite to an otherwise thoughtful comment.

This is to say, maybe we can have a more constructive approach to the issue: How about adding sidebar material with for example the [code of conduct](http://www.bargain-storage.com/uploads/9/8/7/4/9874916/attacking.faulty.reasoning.a.practical.guide.to.fallacyfree.arguments.pdf#page=19) for rational discussions, [standard construction of arguments](http://www.bargain-storage.com/uploads/9/8/7/4/9874916/attacking.faulty.reasoning.a.practical.guide.to.fallacyfree.arguments.pdf#page=30), how to [confront a fallacy with elegance and efficiency](http://www.bargain-storage.com/uploads/9/8/7/4/9874916/attacking.faulty.reasoning.a.practical.guide.to.fallacyfree.arguments.pdf#page=68), and the general [rules of the game](http://www.bargain-storage.com/uploads/9/8/7/4/9874916/attacking.faulty.reasoning.a.practical.guide.to.fallacyfree.arguments.pdf#page=73)?

With that handy, identifying a fallacy is a good start to build a sane counter-argument, following the aforementioned methodology."
df0xai8,2017-03-16 21:55:05 UTC,fallacy,comment,,,"You might want to look at those:

https://en.wikipedia.org/wiki/Denying_the_correlative

https://en.wikipedia.org/wiki/Loaded_question

https://www.logicallyfallacious.com/tools/lp/Bo/LogicalFallacies/85/Failure_to_Elucidate"
kt7114c,2024-03-03 20:14:17 UTC,fallacy,comment,,,"Thanks, I'll make a download pack when we make a multilingual release shortly. In the mean time, the html file has everything inside. Just save the web page and you should be able to use it locally."
dqedk42,2017-11-27 09:49:49 UTC,fallacy,comment,,,"I would say it goes beyond a bad attempt at [induction](https://en.wikipedia.org/wiki/Inductive_reasoning), such as [hasty generalization](https://en.wikipedia.org/wiki/Hasty_generalization), [cherry picking](https://en.wikipedia.org/wiki/Cherry_picking) as you mentioned, or [apex fallacy](https://rationalwiki.org/wiki/Apex_fallacy). 

It's plain slothful argumentation, namely [anecdotal evidence](https://en.wikipedia.org/wiki/Anecdotal_evidence)."
dlsxbtz,2017-08-18 15:43:36 UTC,fallacy,comment,,,"Depending on how you look at it, you could talk of [Survivorship bias](https://en.wikipedia.org/wiki/Survivorship_bias), and [Appeal to probability](https://en.wikipedia.org/wiki/Appeal_to_probability) or even [accident](https://en.wikipedia.org/wiki/Accident_\(fallacy\)), to state that an exception to a general rule gets ignored, or alternatively that this is indeed related to biased risk estimation with some kind of [probabilistic fallacy](http://www.fallacyfiles.org/probfall.html), induced by a cognitive bias akin to [availability heuristic](https://en.wikipedia.org/wiki/Availability_heuristic), e.g. [Hot hand fallacy](https://en.wikipedia.org/wiki/Hot-hand_fallacy)."
da2svao,2016-11-16 15:22:58 UTC,fallacy,comment,,,"BTW, I'm only considering the main outer argument here. 
Each quote is fallacious obviously. 

About Supporting Trump = being racist: [Genetic Fallacy](https://en.wikipedia.org/wiki/Genetic_fallacy) could be invoked indeed as /u/[USER_5] suggested (you have to be racist to support Trump), but I think the intent of the original argument had more to do with an [Association Fallacy](https://en.wikipedia.org/wiki/Association_fallacy) (He is racist / supported by racists so you must be by voting for/with them).

Also, I would consider both ""attack fallacies"", in that they are defined from a perspective of deflecting the debate, but I think you can also look at it from a perspective of pure logic error, regardless of the intent.  Then, there would be a case of a causal fallacy like [Correlation does not imply causation](https://en.wikipedia.org/wiki/Correlation_does_not_imply_causation) or [single cause](https://en.wikipedia.org/wiki/Fallacy_of_the_single_cause) (most racists support Trump, but it is not the only reason for supporting him)

Edit: Moving on with the analysis, you can also consider that the fault is not in the logic itself, but in the quantification / statistics: There could be a case for a [hasty generalization](https://en.wikipedia.org/wiki/Hasty_generalization) from the vocal racist part of Trump supporters, a [fallacy of division](https://en.wikipedia.org/wiki/Fallacy_of_division): the Trump camp has advanced racist arguments so all Trump supporters must be racists, or a [secundum quid](https://en.wikipedia.org/wiki/Secundum_quid) including the fallacy of [Accident](https://en.wikipedia.org/wiki/Accident_\(fallacy\)) (ignoring alternate reasons for supporting Trump, including opposition to Hillary) 

Finally, considering the original argument was made in good faith, to convince non racist Trump supporters that supporting him would make them a racist, that would move the analysis to the [fallacies of definition](https://en.wikipedia.org/wiki/Fallacies_of_definition), either on ""supporting"" or ""racist"". For instance, there would be a case of [False dilemma](https://en.wikipedia.org/wiki/False_dilemma) where you have to endorse his occasional racist rants to support him, or [Suppressed correlative](https://en.wikipedia.org/wiki/Suppressed_correlative) where you redefine racism so that it includes having certain opinions.

I think this illustrates that in many cases, it is not so easy to pinpoint a single fallacy, as it requires additional context on what lead to the fallacious argument."
dphqgid,2017-11-07 21:11:49 UTC,fallacy,comment,,,"I believe there are better matches, though it is close and could fit depending on the context.

See [that thread](https://www.reddit.com/r/fallacy/comments/6ys6nc/ad_hominem_or_not/dmq02ge/?context=3) for a similar case with a detailed analysis."
dmjgvqz,2017-09-04 07:27:03 UTC,fallacy,comment,,,"How about an [appeal to novelty](https://en.wikipedia.org/wiki/Appeal_to_novelty), which may also be related to the [focusing-effect](http://reflectd.co/2013/06/11/the-focusing-effect-biased-decision-making/) leading to [selective attention](https://www.logicallyfallacious.com/tools/lp/Bo/LogicalFallacies/159/Selective-Attention)?"
6s4gn2,2017-08-07 09:26:18 UTC,fallacy,post,[META] Sub guidelines,/r/fallacy/comments/6s4gn2/meta_sub_guidelines/,"As per a [previous comment](https://www.reddit.com/r/fallacy/comments/6ixcot/this_sub_has_a_few_pedants/djdjzhh/), what do you guys think about adding some guidelines to this sub?

I believe we could update the sidebar with relevant info. Current moderator /u/[USER_2] suggested links to the wiki with detailed content. I'm not a native speaker, but I believe a few sentences summarizing the following paragraphs would fit nicely.

* A [code of conduct](http://www.bargain-storage.com/uploads/9/8/7/4/9874916/attacking.faulty.reasoning.a.practical.guide.to.fallacyfree.arguments.pdf#page=19) for rational discussions, 
* The [standard construction of arguments](http://www.bargain-storage.com/uploads/9/8/7/4/9874916/attacking.faulty.reasoning.a.practical.guide.to.fallacyfree.arguments.pdf#page=30), 
* How to [confront a fallacy with elegance and efficiency](http://www.bargain-storage.com/uploads/9/8/7/4/9874916/attacking.faulty.reasoning.a.practical.guide.to.fallacyfree.arguments.pdf#page=68), 
* The general [rules of the game](http://www.bargain-storage.com/uploads/9/8/7/4/9874916/attacking.faulty.reasoning.a.practical.guide.to.fallacyfree.arguments.pdf#page=73)

Also, maybe adding some posting title guidelines would do good (e.g. [REQUEST], [THEORY], [EXAMPLE], [DEBATE] etc.)"
1b50car,2024-03-02 22:13:28 UTC,fallacy,post,"A modern taxonomy for fallacies, biases and manipulations",https://www.argumentum.games/fallacies_en.html,
