jeu,graine,lags,regime,statut,makespan,secondes,temoin
-3,0,6,T,circuit positif,,0.0,8-10-8
-3,1,12,T,circuit positif,,0.0,10-11-10
-3,2,8,T,circuit positif,,0.0,10-13-10
-3,3,12,T,circuit positif,,0.0,7-10-7
-3,4,13,T,circuit positif,,0.0,10-11-10
-3,5,13,T,circuit positif,,0.0,10-13-10
-3,6,13,T,circuit positif,,0.0,11-12-11
-3,7,13,T,circuit positif,,0.0,6-11-6
-3,8,17,T,circuit positif,,0.0,8-12-8
-3,9,19,T,circuit positif,,0.0,11-13-11
-3,10,13,T,circuit positif,,0.0,8-9-8
-3,11,21,T,circuit positif,,0.0,11-13-11
-3,12,17,T,circuit positif,,0.0,12-13-11-12
-3,13,15,T,circuit positif,,0.0,7-8-7
-3,14,11,T,circuit positif,,0.0,9-11-9
-3,15,14,T,circuit positif,,0.0,9-11-9
-3,16,21,T,circuit positif,,0.0,10-9-10
-3,17,12,T,circuit positif,,0.0,7-13-7
-3,18,14,T,circuit positif,,0.0,10-12-10
-3,19,17,T,circuit positif,,0.0,8-9-8
-3,20,18,T,circuit positif,,0.0,8-6-8
-3,21,13,T,circuit positif,,0.0,8-12-8
-3,22,10,T,circuit positif,,0.0,10-13-10
-3,23,13,T,circuit positif,,0.0,8-11-8
-2,0,6,T,circuit positif,,0.0,8-10-8
-2,1,12,T,circuit positif,,0.0,10-11-10
-2,2,8,T,circuit positif,,0.0,10-13-10
-2,3,12,T,circuit positif,,0.0,7-10-7
-2,4,13,T,circuit positif,,0.0,10-11-10
-2,5,13,T,circuit positif,,0.0,10-13-10
-2,6,13,T,circuit positif,,0.0,11-12-11
-2,7,13,T,circuit positif,,0.0,6-11-6
-2,8,17,T,circuit positif,,0.0,8-12-8
-2,9,19,T,circuit positif,,0.0,11-13-11
-2,10,13,T,circuit positif,,0.0,8-9-8
-2,11,21,T,circuit positif,,0.0,11-13-11
-2,12,17,T,circuit positif,,0.0,12-13-11-12
-2,13,15,T,circuit positif,,0.0,7-8-7
-2,14,11,T,circuit positif,,0.0,9-11-9
-2,15,14,T,circuit positif,,0.0,9-11-9
-2,16,21,T,circuit positif,,0.0,10-9-10
-2,17,12,T,circuit positif,,0.0,7-13-7
-2,18,14,T,circuit positif,,0.0,10-12-10
-2,19,17,T,circuit positif,,0.0,8-9-8
-2,20,18,T,circuit positif,,0.0,8-6-8
-2,21,13,T,circuit positif,,0.0,8-12-8
-2,22,10,T,circuit positif,,0.0,10-13-10
-2,23,13,T,circuit positif,,0.0,8-11-8
-1,0,6,T,circuit positif,,0.0,8-10-8
-1,1,12,T,circuit positif,,0.0,10-11-10
-1,2,8,T,circuit positif,,0.0,10-13-10
-1,3,12,T,circuit positif,,0.0,7-10-7
-1,4,13,T,circuit positif,,0.0,10-11-10
-1,5,13,T,circuit positif,,0.0,10-13-10
-1,6,13,T,circuit positif,,0.0,11-12-11
-1,7,13,T,circuit positif,,0.0,6-11-6
-1,8,17,T,circuit positif,,0.0,8-12-8
-1,9,19,T,circuit positif,,0.0,11-13-11
-1,10,13,T,circuit positif,,0.0,8-9-8
-1,11,21,T,circuit positif,,0.0,11-13-11
-1,12,17,T,circuit positif,,0.0,12-13-11-12
-1,13,15,T,circuit positif,,0.0,7-8-7
-1,14,11,T,circuit positif,,0.0,9-11-9
-1,15,14,T,circuit positif,,0.0,9-11-9
-1,16,21,T,circuit positif,,0.0,10-9-10
-1,17,12,T,circuit positif,,0.0,7-13-7
-1,18,14,T,circuit positif,,0.0,10-12-10
-1,19,17,T,circuit positif,,0.0,8-9-8
-1,20,18,T,circuit positif,,0.0,8-6-8
-1,21,13,T,circuit positif,,0.0,8-12-8
-1,22,10,T,circuit positif,,0.0,10-13-10
-1,23,13,T,circuit positif,,0.0,8-11-8
0,0,6,R,INFEASIBLE,,0.007024200051091611,
0,1,12,R,INFEASIBLE,,0.00323300005402416,
0,2,8,R,INFEASIBLE,,0.004088000045157969,
0,3,12,R,INFEASIBLE,,0.0036551000084728003,
0,4,13,R,INFEASIBLE,,0.0036200000322423875,
0,5,13,R,INFEASIBLE,,0.005301000026520342,
0,6,13,R,INFEASIBLE,,0.00437370000872761,
0,7,13,R,INFEASIBLE,,0.00381209998158738,
0,8,17,R,INFEASIBLE,,0.00419289997080341,
0,9,19,R,INFEASIBLE,,0.03844279999611899,
0,10,13,R,INFEASIBLE,,0.003969000012148172,
0,11,21,R,INFEASIBLE,,0.00432040001032874,
0,12,17,R,INFEASIBLE,,0.0059290999779477715,
0,13,15,R,INFEASIBLE,,0.0034611999872140586,
0,14,11,R,INFEASIBLE,,0.003710299963131547,
0,15,14,R,INFEASIBLE,,0.006407500011846423,
0,16,21,R,INFEASIBLE,,0.004005800001323223,
0,17,12,R,INFEASIBLE,,0.0039046999881975353,
0,18,14,R,INFEASIBLE,,0.0035075999912805855,
0,19,17,R,INFEASIBLE,,0.003600900003220886,
0,20,18,R,INFEASIBLE,,0.004145599959883839,
0,21,13,R,INFEASIBLE,,0.0042999000288546085,
0,22,10,R,INFEASIBLE,,0.04301810002652928,
0,23,13,R,INFEASIBLE,,0.00470420002238825,
1,0,6,R,INFEASIBLE,,0.005122300004586577,
1,1,12,R,INFEASIBLE,,0.004711700021289289,
1,2,8,R,INFEASIBLE,,0.030298000026959926,
1,3,12,R,INFEASIBLE,,0.007173600024543703,
1,4,13,R,INFEASIBLE,,0.007763399975374341,
1,5,13,R,INFEASIBLE,,0.261250400042627,
1,6,13,R,INFEASIBLE,,0.013908300024922937,
1,7,13,F,OPTIMAL,26.0,0.029320300032850355,
1,8,17,R,INFEASIBLE,,0.004020300053525716,
1,9,19,R,INFEASIBLE,,0.04701729997759685,
1,10,13,R,INFEASIBLE,,0.005067999998573214,
1,11,21,R,INFEASIBLE,,0.006163800018839538,
1,12,17,R,INFEASIBLE,,0.005615600035525858,
1,13,15,R,INFEASIBLE,,0.00347440002951771,
1,14,11,R,INFEASIBLE,,0.0045205000205896795,
1,15,14,R,INFEASIBLE,,0.027531800034921616,
1,16,21,R,INFEASIBLE,,0.0034759000409394503,
1,17,12,R,INFEASIBLE,,0.002952000009827316,
1,18,14,R,INFEASIBLE,,0.0032524000271223485,
1,19,17,R,INFEASIBLE,,0.006434200040530413,
1,20,18,R,INFEASIBLE,,0.006072600022889674,
1,21,13,R,INFEASIBLE,,0.006592500023543835,
1,22,10,R,INFEASIBLE,,0.02596350002568215,
1,23,13,R,INFEASIBLE,,0.005508600035682321,
2,0,6,F,OPTIMAL,41.0,0.03422649996355176,
2,1,12,R,INFEASIBLE,,0.02121779997833073,
2,2,8,R,INFEASIBLE,,0.03522999997949228,
2,3,12,R,INFEASIBLE,,0.003945899952668697,
2,4,13,R,INFEASIBLE,,0.0034842999884858727,
2,5,13,R,INFEASIBLE,,0.1661735000088811,
2,6,13,R,INFEASIBLE,,0.004293299978598952,
2,7,13,F,OPTIMAL,26.0,0.029198800039011985,
2,8,17,R,INFEASIBLE,,0.003679599962197244,
2,9,19,R,INFEASIBLE,,0.057362399995326996,
2,10,13,R,INFEASIBLE,,0.005917200003750622,
2,11,21,R,INFEASIBLE,,0.005469100025948137,
2,12,17,R,INFEASIBLE,,0.03006909997202456,
2,13,15,R,INFEASIBLE,,0.003497099969536066,
2,14,11,R,INFEASIBLE,,0.003865300037432462,
2,15,14,R,INFEASIBLE,,0.04476829996565357,
2,16,21,R,INFEASIBLE,,0.0045427000150084496,
2,17,12,R,INFEASIBLE,,0.00375890004215762,
2,18,14,R,INFEASIBLE,,0.004455899994354695,
2,19,17,R,INFEASIBLE,,0.0043756000231951475,
2,20,18,R,INFEASIBLE,,0.0033514000242576003,
2,21,13,R,INFEASIBLE,,0.003993299964349717,
2,22,10,R,INFEASIBLE,,0.03310240001883358,
2,23,13,R,INFEASIBLE,,0.004635399964172393,
3,0,6,F,OPTIMAL,41.0,0.02761559997452423,
3,1,12,R,INFEASIBLE,,0.02829409996047616,
3,2,8,R,INFEASIBLE,,0.035245200037024915,
3,3,12,R,INFEASIBLE,,0.004259300010744482,
3,4,13,R,INFEASIBLE,,0.024465300026349723,
3,5,13,R,INFEASIBLE,,0.03348320000804961,
3,6,13,R,INFEASIBLE,,0.00484930002130568,
3,7,13,F,OPTIMAL,26.0,0.023408200009725988,
3,8,17,R,INFEASIBLE,,0.003952300001401454,
3,9,19,R,INFEASIBLE,,0.05896170000778511,
3,10,13,R,INFEASIBLE,,0.18464370002038777,
3,11,21,R,INFEASIBLE,,0.00438699999358505,
3,12,17,R,INFEASIBLE,,0.02496490004705265,
3,13,15,R,INFEASIBLE,,0.004014400008600205,
3,14,11,R,INFEASIBLE,,0.004887700022663921,
3,15,14,R,INFEASIBLE,,0.051876400015316904,
3,16,21,R,INFEASIBLE,,0.0060940999537706375,
3,17,12,R,INFEASIBLE,,0.004151300003286451,
3,18,14,R,INFEASIBLE,,0.004973899980541319,
3,19,17,R,INFEASIBLE,,0.047570599999744445,
3,20,18,R,INFEASIBLE,,0.006011199962813407,
3,21,13,R,INFEASIBLE,,0.006615900027099997,
3,22,10,R,INFEASIBLE,,0.029884800023864955,
3,23,13,R,INFEASIBLE,,0.003890399995725602,
5,0,6,F,OPTIMAL,41.0,0.028083099983632565,
5,1,12,R,INFEASIBLE,,0.06897979998029768,
5,2,8,F,OPTIMAL,34.0,0.02777879999484867,
5,3,12,R,INFEASIBLE,,0.004439999989699572,
5,4,13,R,INFEASIBLE,,0.05862379999598488,
5,5,13,R,INFEASIBLE,,0.032677699986379594,
5,6,13,F,OPTIMAL,37.0,0.03403219999745488,
5,7,13,F,OPTIMAL,25.0,0.029363400011789054,
5,8,17,R,INFEASIBLE,,0.18126559996744618,
5,9,19,R,INFEASIBLE,,0.11825060000410303,
5,10,13,R,INFEASIBLE,,0.048656500002834946,
5,11,21,R,INFEASIBLE,,0.005099800007883459,
5,12,17,R,INFEASIBLE,,0.042008599964901805,
5,13,15,R,INFEASIBLE,,0.005863900005351752,
5,14,11,R,INFEASIBLE,,0.18576140003278852,
5,15,14,R,INFEASIBLE,,0.2720096000120975,
5,16,21,R,INFEASIBLE,,0.07830699998885393,
5,17,12,R,INFEASIBLE,,0.005884800048079342,
5,18,14,R,INFEASIBLE,,0.02475919999415055,
5,19,17,F,OPTIMAL,35.0,0.029600400011986494,
5,20,18,R,INFEASIBLE,,0.004792499996256083,
5,21,13,R,INFEASIBLE,,0.03069579997099936,
5,22,10,R,INFEASIBLE,,0.19301630003610626,
5,23,13,R,INFEASIBLE,,0.035261700046248734,
8,0,6,F,OPTIMAL,40.0,0.04883799998788163,
8,1,12,F,OPTIMAL,36.0,0.03129399998579174,
8,2,8,F,OPTIMAL,34.0,0.03466100001242012,
8,3,12,R,INFEASIBLE,,0.030428900034166873,
8,4,13,F,OPTIMAL,32.0,0.032388599996920675,
8,5,13,F,OPTIMAL,42.0,0.02999489998910576,
8,6,13,F,OPTIMAL,33.0,0.04225860000588,
8,7,13,F,OPTIMAL,23.0,0.02418839995516464,
8,8,17,F,OPTIMAL,32.0,0.03015939996112138,
8,9,19,F,OPTIMAL,34.0,0.031720199971459806,
8,10,13,F,OPTIMAL,36.0,0.02979509998112917,
8,11,21,R,INFEASIBLE,,0.010792299988679588,
8,12,17,F,OPTIMAL,40.0,0.032569300034083426,
8,13,15,R,INFEASIBLE,,0.04807860002620146,
8,14,11,F,OPTIMAL,35.0,0.028448699973523617,
8,15,14,F,OPTIMAL,34.0,0.03514930000528693,
8,16,21,F,OPTIMAL,41.0,0.022359599999617785,
8,17,12,F,OPTIMAL,35.0,0.03161870001349598,
8,18,14,F,OPTIMAL,38.0,0.03405190003104508,
8,19,17,F,OPTIMAL,31.0,0.02947649999987334,
8,20,18,F,OPTIMAL,37.0,0.031054000020958483,
8,21,13,R,INFEASIBLE,,0.10111630003666505,
8,22,10,F,OPTIMAL,32.0,0.02987069997470826,
8,23,13,F,OPTIMAL,41.0,0.03128390002530068,
