p,L_max,stopping_indices,exact_binomial,quarter_applicable
7,3,4,1,0
11,5,6,1,0
13,6,7,1,1
17,8,9,1,1
19,9,10,1,0
23,11,12,1,0
29,14,15,1,1
31,15,16,1,0
37,18,19,1,1
41,20,21,1,1
43,21,22,1,0
47,23,24,1,0
53,26,27,1,1
59,29,30,1,0
61,30,31,1,1
67,33,34,1,0
71,35,36,1,0
73,36,37,1,1
79,39,40,1,0
83,41,42,1,0
89,44,45,1,1
97,48,49,1,1
101,50,51,1,1
103,51,52,1,0
107,53,54,1,0
109,54,55,1,1
113,56,57,1,1
127,63,64,1,0
131,65,66,1,0
137,68,69,1,1
139,69,70,1,0
149,74,75,1,1
151,75,76,1,0
157,78,79,1,1
163,81,82,1,0
167,83,84,1,0
173,86,87,1,1
179,89,90,1,0
181,90,91,1,1
191,95,96,1,0
193,96,97,1,1
197,98,99,1,1
199,99,100,1,0
211,105,106,0,0
223,111,112,0,0
227,113,114,0,0
229,114,115,0,1
233,116,117,0,1
239,119,120,0,0
241,120,121,0,1
251,125,126,0,0
257,128,129,0,1
263,131,132,0,0
269,134,135,0,1
271,135,136,0,0
277,138,139,0,1
281,140,141,0,1
283,141,142,0,0
293,146,147,0,1
307,153,154,0,0
311,155,156,0,0
313,156,157,0,1
317,158,159,0,1
331,165,166,0,0
337,168,169,0,1
347,173,174,0,0
349,174,175,0,1
353,176,177,0,1
359,179,180,0,0
367,183,184,0,0
373,186,187,0,1
379,189,190,0,0
383,191,192,0,0
389,194,195,0,1
397,198,199,0,1
401,200,201,0,1
409,204,205,0,1
419,209,210,0,0
421,210,211,0,1
431,215,216,0,0
433,216,217,0,1
439,219,220,0,0
443,221,222,0,0
449,224,225,0,1
457,228,229,0,1
461,230,231,0,1
463,231,232,0,0
467,233,234,0,0
479,239,240,0,0
487,243,244,0,0
491,245,246,0,0
499,249,250,0,0
