branch	sha	a1_v1	a3_v1	a1_v2	commits_ahead_v2	files_changed_v2	verdict_v1	auto_supprimable_strict
docs/claudish-router-evolution	b06a90eaca94b2e59dcb60accc33c2b2840c5df5	no	none				INCONNU	PENDING
feature/03x2-audio-density	1943b816faceca297ec8d03a1a7cc16b734f4f66	no	none				INCONNU	PENDING
feature/11112-planners-exec-seq	7af021d8e54034459117fc4ee1faffaea708d8be	no	none				INCONNU	PENDING
feature/11112-sw-exec-seq	8c7c31929eb5098d81a9360710c47a9db2150e73	no	none				INCONNU	PENDING
feature/11224-qcpy12b-density	7430fb819f86f176910f857c27089e08cc54fbb8	no	none				INCONNU	PENDING
feature/11259-capture-remarks	abf63e80d863e5455ba8a9ba2ec7c1ae648b8fae	no	none				INCONNU	PENDING
feature/11601-qcpycloud02-density	afa3af5a0d2cf43f547367f61ba9d6c263000af2	no	none				INCONNU	PENDING
feature/12743-red-revive	dd746a47d0d6d6879127d20447385cec57c39c64	no	none				INCONNU	PENDING
feature/12910-repair-borned-94	48958118be38be00162cf0274beff71db7c60018	no	none	no	124	 7556 files changed, 1045908 insertions(+), 3162267 deletions(-)	LIVREE	A_VERIFIER_DIFF
feature/13156-cell-order-papermill-ratchet	efb5e14df5888006ca994fbc218dcbec003396e3	no	none				INCONNU	PENDING
feature/13558-graphrag-repair	990fad1d1e17369c3604d7c527c2d8eada32fa88	no	none				INCONNU	PENDING
feature/13558-repair3	988a1185f773a3a46e42c70a620dc047bab2eaad	no	none	no	554	 7318 files changed, 1067489 insertions(+), 2995106 deletions(-)	LIVREE	A_VERIFIER_DIFF
feature/13605-refactor-B-pushed	8ede07b4e38972787f39e46e2aee3a6d1cfdf3ca	no	none				INCONNU	PENDING
feature/14466-c233-prongb	ce83d217f3d4a69408e67e96cadb27148ca3eba0	no	none				INCONNU	PENDING
feature/14546-chsh-randomized	887d2d1db8b8265fdb772965afebaa6d88f86a41	no	none				INCONNU	PENDING
feature/c10478-m23-rebase	495ad22ff3e6ac8e0cf9dc5c9c2044b8539068dc	no	none				INCONNU	PENDING
feature/c1301-176-argument-analysis-exec-seq	4b88dc893b910a46534d90b1db11daf6746c7a67	no	none				INCONNU	PENDING
feature/c1301-177-pool	89bbf365eb3d83b066e14b2773de188f87544335	no	none				INCONNU	PENDING
feature/c1301-178-iit-exec-seq	8c24d1ed8617d814d2667a53fcfc6c0c42dfed54	no	none				INCONNU	PENDING
feature/c1331p457-11601-twinfix	39c6d89e2c0d6053d1ee05cc64a572f3ccae05b8	no	none				INCONNU	PENDING
feature/c289-12024-codespan-exclude-2	7cae6ec6dbae105e9cf19b5d5f5a9aa0b67f4380	no	none	no	2425	 7631 files changed, 1021788 insertions(+), 3272962 deletions(-)	LIVREE	A_VERIFIER_DIFF
feature/groth-p47-covers-extremal	3dcbe82bc2c51a57e43555967db74712c200ebe2	no	none				INCONNU	PENDING
feature/groth-p48-covers-of-pretopology	7e8afbfc4992d9720e99849d69935d145e414b05	no	none				INCONNU	PENDING
feature/groth-p49-covers-ynp	c32f0f06b89869d0e010472286fa92099771226d	no	none				INCONNU	PENDING
feature/groth-p50-covers-coverpreserving	f03e3f0e3c408117b033c1eeee68cdd700455318	no	none				INCONNU	PENDING
feature/groth-p51-covers-coverpreserving-laws	dbd3e821840d558e57e221147ef4ad7108faf094	no	none				INCONNU	PENDING
feature/guard-leading-dash-11630	374fe37cad55c97e150f094b35df3cb4a977d851	no	none				INCONNU	PENDING
feature/pt04-fix-rebase	3822ff1e42911fc141232765f9e72d390678aef9	no	none				INCONNU	PENDING
feature/runner-acl-proofs	155a3547fbcf0f2fb92d24dc50b7be5388001f8d	no	none				INCONNU	PENDING
feature/runner-fork-sim-12704	6da47bbbdfad2ead2726db67cff08ed2a970470f	no	none				INCONNU	PENDING
feature/runner-positive-control	47384dd660a4448e9f5db9f4ceaf2925c4a57cad	no	none				INCONNU	PENDING
fix/11315-rebase-conflict	6aa6631d767dcfe6a16ecaf2c40ffcd6bc1f4a0b	no	none				INCONNU	PENDING
fix/11328-markdown-rendering-cell24	6741f7e4e6d4341693e5c859653ca528e22c2f1c	no	none	no	1926	 7745 files changed, 1068970 insertions(+), 3510864 deletions(-)	LIVREE	A_VERIFIER_DIFF
fix/11417-m15-notebook-papermill-block	f91f9a6490f633a7c96d6a5dadbec3f59a0c637d	no	none				INCONNU	PENDING
fix/11766-code25-anti-regression	37405e9f9313ccd73ddee6f6799224149c908d41	no	none				INCONNU	PENDING
fix/11823-update-branch	27ff8bd97e6a8211e3acb11aafff7a61c81d946f	no	none				INCONNU	PENDING
fix/11952-otel-renormalize	9a97f0e8dd92feb4715b7e1aab572a8849444dfe	no	none				LIVREE	PENDING
fix/12028-markdown-rendering-cell5	87e8b694f240b9de74368d30b8be3a125b9cd25f	no	none				INCONNU	PENDING
fix/12143-hermes-severity-glyph	01504ae6922377ad95c497cb87a7455234899c70	no	none				INCONNU	PENDING
fix/12162-s3-img027-028-slide20-render	b0da8fccb863b12c1c1549d91f70eb03b52bb928	no	none				LIVREE	PENDING
fix/12295-3-markdown-lines	e3d30a36d128649230f93e921288b5a30b069113	no	none				LIVREE	PENDING
fix/12881-rebase-frais	cc197da2218096cd48a01b166c7a063c2d9ec574	no	none				INCONNU	PENDING
fix/12914-lundberg-light-tailed	fda8882f38abcb31acdcfc8eff5af00e4ae2f66e	no	none				INCONNU	PENDING
fix/12914-quote-part-correction	1d5cf72dfd4d0ec4822f87d09e2d7bffafe66ef0	no	none				INCONNU	PENDING
fix/12983-nanoclaw-degenerate-baseline	2d602603219fbb1cab29235186df34a1692c5ced	no	none				LIVREE	PENDING
fix/13007-papermill-stale-block	6bb5f355157db3869304e159f962d3fb075d31de	no	none				LIVREE	PENDING
fix/13085-restore-truncated-cell	435eb59f0d76bdcec027f404c3a7314a538eb50a	no	none				INCONNU	PENDING
fix/13217-toolcache-rebase	42b55c78533df5fb7aeb155cfabe0c17a629c159	no	none				INCONNU	PENDING
fix/13480-gt-nash-dict	c45b00d58008754e68fda34600b47e3514066e26	no	none				INCONNU	PENDING
fix/13633-parse-grain-require-key-v2	c088a11411afbc870656bcc4dcd514bfb90fb682	no	none				INCONNU	PENDING
fix/13678-concurrency-conj-retag	1d2938087210f613d31722c59e91f820b756ab24	no	none				INCONNU	PENDING
fix/13712-triplets-markdown	7d6e6016145e6b52dd14c39a581b098345ae49a0	no	none				LIVREE	PENDING
fix/13717-body-amend	132bf5261492908accf0adc1a09c5e7d742d916e	no	none				LIVREE	PENDING
fix/13723-quarto-dedup	1978cf3e8ca4c98e8ab19e58c16304d5a49af86c	no	none				INCONNU	PENDING
fix/13727-exp-naive-assert	83c015e763aff400051b92697c6244415a01e0b3	no	none				INCONNU	PENDING
fix/13797-update-branch	94efdfa7778d3de148b4ce8bdced60c3a71185ac	no	none				LIVREE	PENDING
fix/13830-grain-tag-lane-unicode-v2	56c262358a8f89be52297437b945fbcdaea45c92	no	none				INCONNU	PENDING
fix/13904-persona-alias-regex	8406f1f3dda2a534330e957176d895a7b64eaae0	no	none				INCONNU	PENDING
fix/13932-fold-individaux-rebase	f5664590de56112e5cd37efb310682df62b9bed9	no	none				INCONNU	PENDING
fix/14070-position-g-anti-negation	7aef574da42c6cd3840d13f86f9828d7c673155f	no	none				INCONNU	PENDING
fix/14422-phase-g-attribution	74af5d99cc0b2558b0dedc973818cfcc0c717041	no	none				LIVREE	PENDING
fix/14558-three-lines-table	c3e46b149cf66c63b73cdf827c7315795002bcab	no	none				LIVREE	PENDING
fix/c10385-tweety6-mech-unblock	9faca0f649e6cb0b3f00d8507133a65d0e578255	no	none				LIVREE	PENDING
fix/c655-12918-hr-separator	a055653389e3f0d59def71f6fe10a7c5dee7ff12	no	none				INCONNU	PENDING
fix/c657-12896-option-c	cb5f086a26a23216cb461677df2e66d7bc6bd9fb	no	none				INCONNU	PENDING
fix/c699-narrow-sustained	35f9eaf209ad496c8a44dd52fcf01316f1121626	no	none				INCONNU	PENDING
fix/c932-pr14137-if	f382324875a0ebb03cbf199c1c5776c18ecaf446	no	none				LIVREE	PENDING
pr-13601	b7c305b6ac8d93ea314468165ed95148e7cc45fb	no	none				INCONNU	PENDING
pr13712	26fc7c5088cc897d06d6fffe5f51f4f64defeee6	no	none				INCONNU	PENDING
pr13724	fea501acc6a985258ec6425f2ebfb1bf63fe956c	no	none				INCONNU	PENDING
probe/11179-audio-render	7d508f90e9254709668bb9c7754fc269907525c0	no	none				INCONNU	PENDING
rescue/13216-slides-html-detector	350160422cf79e25b22d7c1e927560f3cd1a7cc2	no	none				INCONNU	PENDING
